asset,entry_ts,entry_price,direction,take_profit,stop_loss,position_usd,leverage,confidence,rr_ratio,max_hold_bar,exit_ts,exit_price,outcome,pnl_usd
TRX,2025-10-04 16:00:00+00:00,0.3399,-1.0,0.3356142857142857,0.34195714285714285,1250.0,1.0,0.85,2.08,2025-10-09 16:00:00+00:00,2025-10-05 04:00:00+00:00,0.34195714285714285,sl,-9.190250283696928
ADA,2025-10-04 16:00:00+00:00,0.838,1.0,0.8788928571428571,0.8183714285714285,1250.0,1.0,0.85,2.08,2025-10-09 16:00:00+00:00,2025-10-05 08:00:00+00:00,0.8788928571428571,tp,59.74769860211393
TRX,2025-10-05 04:00:00+00:00,0.3432,1.0,0.34777142857142856,0.3410057142857143,1247.7024374290759,1.0,0.85,2.08,2025-10-10 04:00:00+00:00,2025-10-05 16:00:00+00:00,0.3410057142857143,sl,-9.599331449922584
LINK,2025-10-04 16:00:00+00:00,22.0,1.0,23.105357142857144,21.469428571428573,1250.0,1.0,0.85,2.08,2025-10-09 16:00:00+00:00,2025-10-06 16:00:00+00:00,23.105357142857144,tp,61.55438311688321
AVAX,2025-10-04 16:00:00+00:00,30.04,1.0,31.825714285714284,29.18285714285714,1250.0,1.0,0.85,2.08,2025-10-09 16:00:00+00:00,2025-10-07 12:00:00+00:00,29.18285714285714,sl,-37.29173007418682
ADA,2025-10-08 04:00:00+00:00,0.8174,1.0,0.8620964285714287,0.7959457142857143,1266.3051924777978,1.0,0.85,2.08,2025-10-13 04:00:00+00:00,2025-10-10 12:00:00+00:00,0.7959457142857143,sl,-34.88289041415837
AVAX,2025-10-08 04:00:00+00:00,28.29,1.0,29.736428571428572,27.595714285714283,1266.3051924777978,1.0,0.85,2.08,2025-10-13 04:00:00+00:00,2025-10-10 12:00:00+00:00,27.595714285714283,sl,-32.723524606819176
TRX,2025-10-08 04:00:00+00:00,0.3373,1.0,0.3429964285714286,0.33456571428571424,1266.3051924777978,1.0,0.85,2.08,2025-10-13 04:00:00+00:00,2025-10-10 12:00:00+00:00,0.33456571428571424,sl,-11.911361878350112
LINK,2025-10-08 04:00:00+00:00,21.91,1.0,23.324285714285715,21.231142857142856,1266.3051924777978,1.0,0.85,2.08,2025-10-13 04:00:00+00:00,2025-10-10 16:00:00+00:00,21.231142857142856,sl,-40.88126406882649
ADA,2025-10-15 04:00:00+00:00,0.7024,1.0,0.7641857142857144,0.6727428571428572,1236.2054322357592,1.0,0.85,2.08,2025-10-20 04:00:00+00:00,2025-10-15 12:00:00+00:00,0.6727428571428572,sl,-53.802854511496335
AVAX,2025-10-15 04:00:00+00:00,22.98,1.0,25.085357142857145,21.969428571428573,1236.2054322357592,1.0,0.85,2.08,2025-10-20 04:00:00+00:00,2025-10-15 12:00:00+00:00,21.969428571428573,sl,-55.97059576783558
TRX,2025-10-15 04:00:00+00:00,0.3182,1.0,0.32698571428571427,0.3139828571428571,1236.2054322357592,1.0,0.85,2.08,2025-10-20 04:00:00+00:00,2025-10-15 12:00:00+00:00,0.3139828571428571,sl,-17.99064628413854
LINK,2025-10-15 04:00:00+00:00,18.87,-1.0,17.196785714285713,19.67314285714286,1236.2054322357592,1.0,0.85,2.08,2025-10-20 04:00:00+00:00,2025-10-16 20:00:00+00:00,17.196785714285713,tp,108.37887614139845
ADA,2025-10-20 04:00:00+00:00,0.6699,1.0,0.7057928571428572,0.6526714285714286,1231.3591271302412,1.0,0.85,2.08,2025-10-25 04:00:00+00:00,2025-10-21 00:00:00+00:00,0.6526714285714286,sl,-33.26901388122213
AVAX,2025-10-20 04:00:00+00:00,20.92,-1.0,19.832500000000003,21.442,1231.3591271302412,1.0,0.85,2.08,2025-10-25 04:00:00+00:00,2025-10-21 00:00:00+00:00,19.832500000000003,tp,62.7793029548074
LINK,2025-10-20 04:00:00+00:00,18.61,1.0,19.758214285714285,18.058857142857143,1231.3591271302412,1.0,0.85,2.08,2025-10-25 04:00:00+00:00,2025-10-21 20:00:00+00:00,18.058857142857143,sl,-38.067977370132034
TRX,2025-10-20 04:00:00+00:00,0.3231,1.0,0.32942142857142853,0.3200657142857143,1231.3591271302412,1.0,0.85,2.08,2025-10-25 04:00:00+00:00,2025-10-23 12:00:00+00:00,0.3200657142857143,sl,-13.164664756345186
TRX,2025-10-24 04:00:00+00:00,0.3132,1.0,0.3217357142857143,0.3091028571428571,1225.9285388670182,1.0,0.85,2.08,2025-10-29 04:00:00+00:00,2025-10-24 12:00:00+00:00,0.3091028571428571,sl,-17.63075804684443
TRX,2025-10-24 16:00:00+00:00,0.3047,-1.0,0.29571785714285714,0.3090114285714286,1221.520849355307,1.0,0.85,2.08,2025-10-29 16:00:00+00:00,2025-10-25 04:00:00+00:00,0.29571785714285714,tp,34.7872575290099
AVAX,2025-10-24 04:00:00+00:00,19.49,1.0,20.564999999999998,18.974,1225.9285388670182,1.0,0.85,2.08,2025-10-29 04:00:00+00:00,2025-10-26 12:00:00+00:00,20.564999999999998,tp,66.39198727858007
ADA,2025-10-24 04:00:00+00:00,0.6495,1.0,0.6825714285714286,0.6336257142857142,1225.9285388670182,1.0,0.85,2.08,2025-10-29 04:00:00+00:00,2025-10-26 20:00:00+00:00,0.6825714285714286,tp,61.196254843452415
LINK,2025-10-24 04:00:00+00:00,17.65,1.0,18.648214285714282,17.17085714285714,1225.9285388670182,1.0,0.85,2.08,2025-10-29 04:00:00+00:00,2025-10-26 20:00:00+00:00,18.648214285714282,tp,68.10774742497976
ADA,2025-10-27 20:00:00+00:00,0.667,-1.0,0.6386964285714285,0.6805857142857143,1279.1416611243126,1.0,0.85,2.08,2025-11-01 20:00:00+00:00,2025-10-28 20:00:00+00:00,0.6386964285714285,tp,53.000134760005565
AVAX,2025-10-27 20:00:00+00:00,20.33,-1.0,19.281785714285714,20.833142857142853,1279.1416611243126,1.0,0.85,2.08,2025-11-01 20:00:00+00:00,2025-10-28 20:00:00+00:00,19.281785714285714,tp,64.67337002814298
TRX,2025-10-27 20:00:00+00:00,0.2983,-1.0,0.2923,0.30118,1279.1416611243126,1.0,0.85,2.08,2025-11-01 20:00:00+00:00,2025-10-29 16:00:00+00:00,0.2923,tp,24.44948712448039
LINK,2025-10-27 20:00:00+00:00,18.22,-1.0,17.257499999999997,18.682,1279.1416611243126,1.0,0.85,2.08,2025-11-01 20:00:00+00:00,2025-10-30 12:00:00+00:00,17.257499999999997,tp,66.29351744053066
ADA,2025-10-28 20:00:00+00:00,0.6459,-1.0,0.6110785714285715,0.6626142857142857,1308.5600373213497,1.0,0.85,2.08,2025-11-02 20:00:00+00:00,2025-10-30 12:00:00+00:00,0.6110785714285715,tp,69.23785561682212
AVAX,2025-10-28 20:00:00+00:00,19.47,-1.0,18.314642857142857,20.024571428571427,1308.5600373213497,1.0,0.85,2.08,2025-11-02 20:00:00+00:00,2025-10-30 12:00:00+00:00,18.314642857142857,tp,76.34188608371765
TRX,2025-10-30 12:00:00+00:00,0.2917,-1.0,0.2839857142857143,0.2954028571428572,1367.6407238877375,1.0,0.85,2.08,2025-11-04 12:00:00+00:00,2025-10-31 08:00:00+00:00,0.2954028571428572,sl,-19.138845602384418
AVAX,2025-10-30 12:00:00+00:00,18.23,-1.0,16.797857142857143,18.917428571428573,1367.6407238877375,1.0,0.85,2.08,2025-11-04 12:00:00+00:00,2025-11-02 04:00:00+00:00,18.917428571428573,sl,-53.34980946599571
AVAX,2025-11-02 12:00:00+00:00,18.28,-1.0,17.440714285714286,18.682857142857145,1349.5185601206426,1.0,0.85,2.08,2025-11-07 12:00:00+00:00,2025-11-02 20:00:00+00:00,18.682857142857145,sl,-31.49524892919014
TRX,2025-11-02 12:00:00+00:00,0.296,1.0,0.2995,0.29431999999999997,1349.5185601206426,1.0,0.85,2.08,2025-11-07 12:00:00+00:00,2025-11-03 00:00:00+00:00,0.29431999999999997,sl,-9.413803793706498
ADA,2025-10-30 12:00:00+00:00,0.6031,-1.0,0.5582607142857143,0.6246228571428571,1367.6407238877375,1.0,0.85,2.08,2025-11-04 12:00:00+00:00,2025-11-03 12:00:00+00:00,0.5582607142857143,tp,100.31372749513847
LINK,2025-10-30 12:00:00+00:00,16.91,-1.0,15.433214285714286,17.618857142857145,1367.6407238877375,1.0,0.85,2.08,2025-11-04 12:00:00+00:00,2025-11-03 12:00:00+00:00,15.433214285714286,tp,118.07128791672635
AVAX,2025-11-03 04:00:00+00:00,17.48,-1.0,16.360357142857143,18.01742857142857,1339.2912969399185,1.0,0.85,2.08,2025-11-08 04:00:00+00:00,2025-11-03 12:00:00+00:00,16.360357142857143,tp,84.44605963282969
TRX,2025-11-03 04:00:00+00:00,0.294,1.0,0.2981785714285714,0.2919942857142857,1339.2912969399185,1.0,0.85,2.08,2025-11-08 04:00:00+00:00,2025-11-03 12:00:00+00:00,0.2919942857142857,sl,-10.877934764270865
TRX,2025-11-03 20:00:00+00:00,0.2813,-1.0,0.27474642857142856,0.2844457142857143,1412.2795820100246,1.0,0.85,2.08,2025-11-08 20:00:00+00:00,2025-11-04 00:00:00+00:00,0.2844457142857143,sl,-17.62916664378532
ADA,2025-11-03 20:00:00+00:00,0.5528,-1.0,0.5093357142857142,0.5736628571428571,1412.2795820100246,1.0,0.85,2.08,2025-11-08 20:00:00+00:00,2025-11-04 16:00:00+00:00,0.5093357142857142,tp,109.62918796671599
AVAX,2025-11-03 20:00:00+00:00,16.65,-1.0,15.130357142857143,17.37942857142857,1412.2795820100246,1.0,0.85,2.08,2025-11-08 20:00:00+00:00,2025-11-04 20:00:00+00:00,15.130357142857143,tp,127.48625369668257
LINK,2025-11-03 20:00:00+00:00,15.25,-1.0,13.760714285714284,15.964857142857143,1412.2795820100246,1.0,0.85,2.08,2025-11-08 20:00:00+00:00,2025-11-04 20:00:00+00:00,13.760714285714284,tp,136.50823229110023
ADA,2025-11-04 20:00:00+00:00,0.5208,1.0,0.5826392857142857,0.4911171428571429,1501.278208837703,1.0,0.85,2.08,2025-11-09 20:00:00+00:00,2025-11-07 16:00:00+00:00,0.5826392857142857,tp,176.7590368697831
AVAX,2025-11-04 20:00:00+00:00,15.98,1.0,18.069285714285716,14.977142857142859,1501.278208837703,1.0,0.85,2.08,2025-11-09 20:00:00+00:00,2025-11-07 20:00:00+00:00,18.069285714285716,tp,194.7815199697017
LINK,2025-11-04 20:00:00+00:00,14.68,1.0,16.706785714285715,13.707142857142857,1501.278208837703,1.0,0.85,2.08,2025-11-09 20:00:00+00:00,2025-11-09 20:00:00+00:00,15.93,time,126.3323567398768
TRX,2025-11-04 20:00:00+00:00,0.2855,1.0,0.2971785714285714,0.2798942857142857,1501.278208837703,1.0,0.85,2.08,2025-11-09 20:00:00+00:00,2025-11-09 20:00:00+00:00,0.2906,time,25.316651266021704
ADA,2025-11-11 00:00:00+00:00,0.5988,1.0,0.637175,0.58038,1632.0756000490487,1.0,0.85,2.08,2025-11-16 00:00:00+00:00,2025-11-11 04:00:00+00:00,0.58038,sl,-52.32682946393729
AVAX,2025-11-11 00:00:00+00:00,18.36,1.0,19.52607142857143,17.800285714285714,1632.0756000490487,1.0,0.85,2.08,2025-11-16 00:00:00+00:00,2025-11-11 04:00:00+00:00,17.800285714285714,sl,-51.87638393982234
LINK,2025-11-11 00:00:00+00:00,16.64,1.0,17.757857142857144,16.103428571428573,1632.0756000490487,1.0,0.85,2.08,2025-11-16 00:00:00+00:00,2025-11-11 04:00:00+00:00,16.103428571428573,sl,-54.74941079538156
TRX,2025-11-11 00:00:00+00:00,0.298,1.0,0.3031607142857143,0.29552285714285714,1632.0756000490487,1.0,0.85,2.08,2025-11-16 00:00:00+00:00,2025-11-12 16:00:00+00:00,0.29552285714285714,sl,-15.688424504824246
ADA,2025-11-12 20:00:00+00:00,0.5458,1.0,0.5841035714285714,0.5274142857142856,1588.4153378730573,1.0,0.85,2.08,2025-11-17 20:00:00+00:00,2025-11-13 16:00:00+00:00,0.5274142857142856,sl,-55.57199484795693
AVAX,2025-11-12 20:00:00+00:00,16.82,1.0,18.005714285714287,16.250857142857143,1588.4153378730573,1.0,0.85,2.08,2025-11-17 20:00:00+00:00,2025-11-13 16:00:00+00:00,16.250857142857143,sl,-55.8125763082367
LINK,2025-11-12 20:00:00+00:00,15.15,1.0,16.375,14.562,1588.4153378730573,1.0,0.85,2.08,2025-11-17 20:00:00+00:00,2025-11-13 16:00:00+00:00,14.562,sl,-63.71432731014978
TRX,2025-11-12 20:00:00+00:00,0.2946,1.0,0.30138571428571426,0.2913428571428571,1588.4153378730573,1.0,0.85,2.08,2025-11-17 20:00:00+00:00,2025-11-17 16:00:00+00:00,0.2913428571428571,sl,-19.626703930848592
ADA,2025-11-14 08:00:00+00:00,0.5132,-1.0,0.46939642857142855,0.5342257142857143,1544.6406132564712,1.0,0.85,2.08,2025-11-19 08:00:00+00:00,2025-11-17 16:00:00+00:00,0.46939642857142855,tp,130.29630918068787
AVAX,2025-11-14 08:00:00+00:00,15.39,-1.0,13.988214285714289,16.062857142857144,1544.6406132564712,1.0,0.85,2.08,2025-11-19 08:00:00+00:00,2025-11-19 04:00:00+00:00,13.988214285714289,tp,139.14770151594703
LINK,2025-11-14 08:00:00+00:00,14.19,-1.0,12.788214285714284,14.862857142857143,1544.6406132564712,1.0,0.85,2.08,2025-11-19 08:00:00+00:00,2025-11-19 08:00:00+00:00,13.4,time,84.45015039961251
LINK,2025-11-19 16:00:00+00:00,12.89,-1.0,11.859642857142857,13.38457142857143,1628.2074775478209,1.0,0.85,2.08,2025-11-24 16:00:00+00:00,2025-11-19 20:00:00+00:00,13.38457142857143,sl,-64.58873319494015
ADA,2025-11-19 04:00:00+00:00,0.4683,-1.0,0.43396071428571426,0.4847828571428571,1607.0949399479177,1.0,0.85,2.08,2025-11-24 04:00:00+00:00,2025-11-20 16:00:00+00:00,0.43396071428571426,tp,116.23721920238484
TRX,2025-11-19 04:00:00+00:00,0.2879,-1.0,0.2802035714285714,0.2915942857142857,1607.0949399479177,1.0,0.85,2.08,2025-11-24 04:00:00+00:00,2025-11-20 16:00:00+00:00,0.2802035714285714,tp,41.35536220771965
AVAX,2025-11-19 04:00:00+00:00,14.36,-1.0,13.231428571428571,14.901714285714284,1607.0949399479177,1.0,0.85,2.08,2025-11-24 04:00:00+00:00,2025-11-21 04:00:00+00:00,13.231428571428571,tp,124.69662596722026
ADA,2025-11-20 16:00:00+00:00,0.4359,-1.0,0.3996857142857143,0.45328285714285715,1651.458439601612,1.0,0.85,2.08,2025-11-25 16:00:00+00:00,2025-11-21 04:00:00+00:00,0.3996857142857143,tp,135.55062409538627
LINK,2025-11-20 16:00:00+00:00,13.0,-1.0,11.926785714285714,13.515142857142857,1651.458439601612,1.0,0.85,2.08,2025-11-25 16:00:00+00:00,2025-11-21 04:00:00+00:00,11.926785714285714,tp,134.68460230223482
TRX,2025-11-20 16:00:00+00:00,0.2783,-1.0,0.27140714285714285,0.28160857142857143,1651.458439601612,1.0,0.85,2.08,2025-11-25 16:00:00+00:00,2025-11-25 12:00:00+00:00,0.27140714285714285,tp,39.25140574128121
AVAX,2025-11-22 16:00:00+00:00,13.23,1.0,14.251428571428571,12.739714285714287,1750.1914026928223,1.0,0.85,2.08,2025-11-27 16:00:00+00:00,2025-11-25 20:00:00+00:00,14.251428571428571,tp,133.37418533042097
LINK,2025-11-22 16:00:00+00:00,12.0,1.0,13.230357142857143,11.409428571428572,1750.1914026928223,1.0,0.85,2.08,2025-11-27 16:00:00+00:00,2025-11-26 16:00:00+00:00,13.230357142857143,tp,177.69651640316349
TRX,2025-11-25 16:00:00+00:00,0.2736,1.0,0.2777607142857143,0.27160285714285715,1760.0042541281425,1.0,0.85,2.08,2025-11-30 16:00:00+00:00,2025-11-27 08:00:00+00:00,0.2777607142857143,tp,25.00488917814121
ADA,2025-11-22 16:00:00+00:00,0.4014,1.0,0.44502499999999995,0.38045999999999996,1750.1914026928223,1.0,0.85,2.08,2025-11-27 16:00:00+00:00,2025-11-27 16:00:00+00:00,0.436,time,149.1133425613622
AVAX,2025-11-26 16:00:00+00:00,14.55,1.0,15.173214285714286,14.250857142857143,1837.7719295615386,1.0,0.85,2.08,2025-12-01 16:00:00+00:00,2025-11-28 12:00:00+00:00,15.173214285714286,tp,76.87877242696476
ADA,2025-11-28 12:00:00+00:00,0.4326,1.0,0.45626071428571424,0.42124285714285714,1900.521180603156,1.0,0.85,2.08,2025-12-03 12:00:00+00:00,2025-11-28 20:00:00+00:00,0.42124285714285714,sl,-52.365477699221955
AVAX,2025-11-28 12:00:00+00:00,15.09,1.0,15.606071428571429,14.842285714285714,1900.521180603156,1.0,0.85,2.08,2025-12-03 12:00:00+00:00,2025-11-28 20:00:00+00:00,14.842285714285714,sl,-33.669235966724635
LINK,2025-11-26 16:00:00+00:00,13.45,1.0,14.273214285714285,13.054857142857141,1837.7719295615386,1.0,0.85,2.08,2025-12-01 16:00:00+00:00,2025-11-29 16:00:00+00:00,13.054857142857141,sl,-56.380363807603935
AVAX,2025-11-29 04:00:00+00:00,14.68,-1.0,14.274642857142856,14.874571428571429,1879.0125021866693,1.0,0.85,2.08,2025-12-04 04:00:00+00:00,2025-11-29 20:00:00+00:00,14.274642857142856,tp,50.00594248958719
TRX,2025-11-28 12:00:00+00:00,0.2804,-1.0,0.27704285714285715,0.2820114285714285,1900.521180603156,1.0,0.85,2.08,2025-12-03 12:00:00+00:00,2025-11-30 12:00:00+00:00,0.2820114285714285,sl,-13.39276787368934
LINK,2025-11-29 20:00:00+00:00,12.99,-1.0,12.461428571428572,13.243714285714287,1877.418896857165,1.0,0.85,2.08,2025-12-04 20:00:00+00:00,2025-11-30 16:00:00+00:00,13.243714285714287,sl,-39.109466305915795
AVAX,2025-11-29 20:00:00+00:00,14.25,-1.0,13.714285714285714,14.507142857142858,1877.418896857165,1.0,0.85,2.08,2025-12-04 20:00:00+00:00,2025-11-30 20:00:00+00:00,13.714285714285714,tp,68.70223887972809
ADA,2025-11-29 04:00:00+00:00,0.4154,-1.0,0.3941857142857143,0.42558285714285715,1879.0125021866693,1.0,0.85,2.08,2025-12-04 04:00:00+00:00,2025-12-01 00:00:00+00:00,0.3941857142857143,tp,94.08128620292372
ADA,2025-12-01 08:00:00+00:00,0.3827,-1.0,0.3609142857142857,0.39315714285714287,1904.9892195829266,1.0,0.85,2.08,2025-12-06 08:00:00+00:00,2025-12-02 08:00:00+00:00,0.39315714285714287,sl,-54.52964619056834
AVAX,2025-12-01 08:00:00+00:00,12.95,-1.0,12.178571428571427,13.320285714285713,1904.9892195829266,1.0,0.85,2.08,2025-12-06 08:00:00+00:00,2025-12-02 12:00:00+00:00,13.320285714285713,sl,-56.946778949152716
LINK,2025-12-01 08:00:00+00:00,12.11,-1.0,11.476071428571428,12.414285714285715,1904.9892195829266,1.0,0.85,2.08,2025-12-06 08:00:00+00:00,2025-12-02 12:00:00+00:00,12.414285714285715,sl,-50.342795266000984
TRX,2025-12-01 08:00:00+00:00,0.2775,1.0,0.28150000000000003,0.27558000000000005,1904.9892195829266,1.0,0.85,2.08,2025-12-06 08:00:00+00:00,2025-12-02 12:00:00+00:00,0.28150000000000003,tp,25.554314846477297
TRX,2025-12-05 12:00:00+00:00,0.2864,1.0,0.29113214285714284,0.2841285714285714,1870.9229931931154,1.0,0.85,2.08,2025-12-10 12:00:00+00:00,2025-12-08 16:00:00+00:00,0.2841285714285714,sl,-17.27042594450839
ADA,2025-12-05 12:00:00+00:00,0.4262,-1.0,0.3998607142857143,0.4388428571428572,1870.9229931931154,1.0,0.85,2.08,2025-12-10 12:00:00+00:00,2025-12-09 12:00:00+00:00,0.4388428571428572,sl,-57.93152445292324
AVAX,2025-12-05 12:00:00+00:00,13.68,-1.0,12.928214285714285,14.040857142857142,1870.9229931931154,1.0,0.85,2.08,2025-12-10 12:00:00+00:00,2025-12-09 12:00:00+00:00,14.040857142857142,sl,-51.78424125294932
LINK,2025-12-05 12:00:00+00:00,13.94,-1.0,13.065,14.36,1870.9229931931154,1.0,0.85,2.08,2025-12-10 12:00:00+00:00,2025-12-09 12:00:00+00:00,14.36,sl,-58.80147228290918
AVAX,2025-12-10 04:00:00+00:00,14.61,-1.0,13.934999999999999,14.934,1824.476077209793,1.0,0.85,2.08,2025-12-15 04:00:00+00:00,2025-12-11 00:00:00+00:00,13.934999999999999,tp,82.46856650435159
ADA,2025-12-10 04:00:00+00:00,0.4614,-1.0,0.42891785714285713,0.47699142857142857,1824.476077209793,1.0,0.85,2.08,2025-12-15 04:00:00+00:00,2025-12-11 04:00:00+00:00,0.42891785714285713,tp,126.61699028466295
TRX,2025-12-10 04:00:00+00:00,0.2804,-1.0,0.27650714285714284,0.2822685714285714,1824.476077209793,1.0,0.85,2.08,2025-12-15 04:00:00+00:00,2025-12-12 12:00:00+00:00,0.27650714285714284,tp,23.505141359088785
TRX,2025-12-12 20:00:00+00:00,0.2737,-1.0,0.26905714285714283,0.2759285714285714,1882.623751746819,1.0,0.85,2.08,2025-12-17 20:00:00+00:00,2025-12-14 16:00:00+00:00,0.2759285714285714,sl,-17.77646277311625
LINK,2025-12-10 04:00:00+00:00,14.18,-1.0,13.260357142857142,14.621428571428572,1824.476077209793,1.0,0.85,2.08,2025-12-15 04:00:00+00:00,2025-12-14 20:00:00+00:00,13.260357142857142,tp,116.50178573054811
AVAX,2025-12-12 20:00:00+00:00,13.1,1.0,14.176785714285714,12.583142857142857,1882.623751746819,1.0,0.85,2.08,2025-12-17 20:00:00+00:00,2025-12-15 12:00:00+00:00,12.583142857142857,sl,-76.72584854161103
ADA,2025-12-12 20:00:00+00:00,0.4091,-1.0,0.3777607142857143,0.42414285714285715,1882.623751746819,1.0,0.85,2.08,2025-12-17 20:00:00+00:00,2025-12-15 16:00:00+00:00,0.3777607142857143,tp,142.336598072976
AVAX,2025-12-15 12:00:00+00:00,12.5,-1.0,11.880357142857143,12.797428571428572,1888.123620350774,1.0,0.85,2.08,2025-12-20 12:00:00+00:00,2025-12-17 16:00:00+00:00,11.880357142857143,tp,91.70886155989471
LINK,2025-12-15 12:00:00+00:00,12.78,-1.0,12.079999999999998,13.116,1888.123620350774,1.0,0.85,2.08,2025-12-20 12:00:00+00:00,2025-12-18 04:00:00+00:00,12.079999999999998,tp,101.53022804205484
ADA,2025-12-16 00:00:00+00:00,0.3828,-1.0,0.36028214285714283,0.3936085714285714,1923.707769869018,1.0,0.85,2.08,2025-12-21 00:00:00+00:00,2025-12-18 16:00:00+00:00,0.36028214285714283,tp,111.23662855853969
TRX,2025-12-15 12:00:00+00:00,0.2806,-1.0,0.27585000000000004,0.28288,1888.123620350774,1.0,0.85,2.08,2025-12-20 12:00:00+00:00,2025-12-20 12:00:00+00:00,0.28,time,2.149204149465493
TRX,2025-12-21 12:00:00+00:00,0.2867,1.0,0.290325,0.28496,2000.3640004465067,1.0,0.85,2.08,2025-12-26 12:00:00+00:00,2025-12-22 12:00:00+00:00,0.28496,sl,-14.74080581577739
ADA,2025-12-20 00:00:00+00:00,0.3743,-1.0,0.34947857142857147,0.38621428571428573,1999.8266994091402,1.0,0.85,2.08,2025-12-25 00:00:00+00:00,2025-12-25 00:00:00+00:00,0.3605,time,71.73142751337794
AVAX,2025-12-20 00:00:00+00:00,12.26,-1.0,11.402857142857142,12.67142857142857,1999.8266994091402,1.0,0.85,2.08,2025-12-25 00:00:00+00:00,2025-12-25 00:00:00+00:00,12.16,time,14.311973458903527
LINK,2025-12-20 00:00:00+00:00,12.55,1.0,13.357142857142858,12.162571428571429,1999.8266994091402,1.0,0.85,2.08,2025-12-25 00:00:00+00:00,2025-12-25 00:00:00+00:00,12.34,time,-35.463062307052255
TRX,2025-12-24 16:00:00+00:00,0.2813,-1.0,0.27749642857142853,0.28312571428571426,1996.6787989925624,1.0,0.85,2.08,2025-12-29 16:00:00+00:00,2025-12-25 16:00:00+00:00,0.27749642857142853,tp,25.001225331410886
ADA,2025-12-25 04:00:00+00:00,0.359,-1.0,0.34260714285714283,0.36686857142857143,2009.3238836588696,1.0,0.85,2.08,2025-12-30 04:00:00+00:00,2025-12-25 20:00:00+00:00,0.34260714285714283,tp,89.7415378950341
ADA,2025-12-25 20:00:00+00:00,0.3434,-1.0,0.32439999999999997,0.35252,2038.009574465481,1.0,0.85,2.08,2025-12-30 20:00:00+00:00,2025-12-26 00:00:00+00:00,0.35252,sl,-56.774768646936806
TRX,2025-12-25 20:00:00+00:00,0.2787,-1.0,0.2748607142857143,0.28054285714285715,2038.009574465481,1.0,0.85,2.08,2025-12-30 20:00:00+00:00,2025-12-27 16:00:00+00:00,0.28054285714285715,sl,-16.125409940579665
AVAX,2025-12-25 04:00:00+00:00,12.25,1.0,12.819642857142858,11.976571428571429,2009.3238836588696,1.0,0.85,2.08,2025-12-30 04:00:00+00:00,2025-12-28 00:00:00+00:00,12.819642857142858,tp,91.42716575004088
ADA,2025-12-27 00:00:00+00:00,0.3547,1.0,0.37573571428571434,0.34460285714285716,2023.8158823037468,1.0,0.85,2.08,2026-01-01 00:00:00+00:00,2025-12-28 04:00:00+00:00,0.37573571428571434,tp,117.99990181443282
LINK,2025-12-25 04:00:00+00:00,12.31,-1.0,11.806428571428572,12.551714285714286,2009.3238836588696,1.0,0.85,2.08,2025-12-30 04:00:00+00:00,2025-12-29 00:00:00+00:00,12.551714285714286,sl,-42.06640921344042
TRX,2025-12-29 12:00:00+00:00,0.2822,-1.0,0.2786464285714286,0.2839057142857143,2061.62469440636,1.0,0.85,2.08,2026-01-03 12:00:00+00:00,2025-12-29 20:00:00+00:00,0.2839057142857143,sl,-15.14128394195693
ADA,2025-12-29 12:00:00+00:00,0.3656,-1.0,0.3465464285714286,0.37474571428571424,2061.62469440636,1.0,0.85,2.08,2026-01-03 12:00:00+00:00,2025-12-31 12:00:00+00:00,0.3465464285714286,tp,105.3817926299324
AVAX,2025-12-29 12:00:00+00:00,12.7,-1.0,12.155357142857142,12.96142857142857,2061.62469440636,1.0,0.85,2.08,2026-01-03 12:00:00+00:00,2026-01-01 16:00:00+00:00,12.96142857142857,sl,-45.118505699619476
ADA,2026-01-01 08:00:00+00:00,0.3407,1.0,0.3548607142857143,0.33390285714285717,2084.184821578354,1.0,0.85,2.08,2026-01-06 08:00:00+00:00,2026-01-01 16:00:00+00:00,0.3548607142857143,tp,84.54201352592241
TRX,2026-01-01 08:00:00+00:00,0.2847,-1.0,0.28145000000000003,0.28626,2084.184821578354,1.0,0.85,2.08,2026-01-06 08:00:00+00:00,2026-01-01 20:00:00+00:00,0.28626,sl,-14.129631071220963
LINK,2025-12-29 12:00:00+00:00,12.4,-1.0,11.8625,12.658,2061.62469440636,1.0,0.85,2.08,2026-01-03 12:00:00+00:00,2026-01-02 00:00:00+00:00,12.658,sl,-45.57520655086045
AVAX,2026-01-03 16:00:00+00:00,13.85,-1.0,12.789285714285715,14.359142857142857,2079.1144891294093,1.0,0.85,2.08,2026-01-08 16:00:00+00:00,2026-01-05 00:00:00+00:00,14.359142857142857,sl,-79.13362799272447
LINK,2026-01-03 16:00:00+00:00,13.18,1.0,13.762142857142855,12.900571428571428,2079.1144891294093,1.0,0.85,2.08,2026-01-08 16:00:00+00:00,2026-01-05 00:00:00+00:00,13.762142857142855,tp,89.75257360107565
ADA,2026-01-03 16:00:00+00:00,0.3886,1.0,0.41543928571428573,0.37571714285714286,2079.1144891294093,1.0,0.85,2.08,2026-01-08 16:00:00+00:00,2026-01-05 16:00:00+00:00,0.41543928571428573,tp,141.51828079253667
AVAX,2026-01-05 12:00:00+00:00,14.19,-1.0,13.507857142857143,14.517428571428571,2081.7692255314973,1.0,0.85,2.08,2026-01-10 12:00:00+00:00,2026-01-06 08:00:00+00:00,14.517428571428571,sl,-50.74229178739402
LINK,2026-01-05 12:00:00+00:00,13.72,1.0,14.270000000000001,13.456000000000001,2081.7692255314973,1.0,0.85,2.08,2026-01-10 12:00:00+00:00,2026-01-07 12:00:00+00:00,13.456000000000001,sl,-42.76366701507971
TRX,2026-01-03 16:00:00+00:00,0.2936,1.0,0.2975642857142857,0.2916971428571429,2079.1144891294093,1.0,0.85,2.08,2026-01-08 16:00:00+00:00,2026-01-07 16:00:00+00:00,0.2975642857142857,tp,25.9937869673424
ADA,2026-01-06 12:00:00+00:00,0.4202,-1.0,0.3924321428571429,0.43352857142857143,2104.4632227827833,1.0,0.85,2.08,2026-01-11 12:00:00+00:00,2026-01-08 04:00:00+00:00,0.3924321428571429,tp,136.96368083392596
AVAX,2026-01-06 12:00:00+00:00,14.53,-1.0,13.708571428571428,14.924285714285713,2104.4632227827833,1.0,0.85,2.08,2026-01-11 12:00:00+00:00,2026-01-08 04:00:00+00:00,13.708571428571428,tp,116.86774728750137
TRX,2026-01-08 00:00:00+00:00,0.2979,-1.0,0.294025,0.29976,2100.270752770849,1.0,0.85,2.08,2026-01-13 00:00:00+00:00,2026-01-09 00:00:00+00:00,0.294025,tp,25.219464618115605
TRX,2026-01-09 16:00:00+00:00,0.2982,1.0,0.3027,0.29604,2170.0334759557345,1.0,0.85,2.08,2026-01-14 16:00:00+00:00,2026-01-11 00:00:00+00:00,0.3027,tp,30.576950567641894
LINK,2026-01-08 00:00:00+00:00,13.34,-1.0,12.513214285714286,13.736857142857144,2100.270752770849,1.0,0.85,2.08,2026-01-13 00:00:00+00:00,2026-01-13 00:00:00+00:00,13.12,time,32.53687809352512
ADA,2026-01-09 16:00:00+00:00,0.3902,-1.0,0.364575,0.40249999999999997,2170.0334759557345,1.0,0.85,2.08,2026-01-14 16:00:00+00:00,2026-01-13 12:00:00+00:00,0.40249999999999997,sl,-71.22548163831058
AVAX,2026-01-09 16:00:00+00:00,13.75,-1.0,12.925,14.146,2170.0334759557345,1.0,0.85,2.08,2026-01-14 16:00:00+00:00,2026-01-13 12:00:00+00:00,14.146,sl,-65.31800762626773
TRX,2026-01-12 12:00:00+00:00,0.2987,1.0,0.3039678571428572,0.2961714285714286,2177.677713597645,1.0,0.85,2.08,2026-01-17 12:00:00+00:00,2026-01-13 16:00:00+00:00,0.3039678571428572,tp,36.2277293785222
TRX,2026-01-14 04:00:00+00:00,0.3032,-1.0,0.2976464285714286,0.3058657142857143,2160.732993149513,1.0,0.85,2.08,2026-01-19 04:00:00+00:00,2026-01-15 04:00:00+00:00,0.3058657142857143,sl,-21.805974023854304
ADA,2026-01-14 04:00:00+00:00,0.4238,-1.0,0.3974964285714286,0.4364257142857143,2160.732993149513,1.0,0.85,2.08,2026-01-19 04:00:00+00:00,2026-01-15 12:00:00+00:00,0.3974964285714286,tp,131.94732416442278
AVAX,2026-01-14 04:00:00+00:00,14.68,-1.0,13.88,15.064,2160.732993149513,1.0,0.85,2.08,2026-01-19 04:00:00+00:00,2026-01-15 12:00:00+00:00,13.88,tp,115.59038379973931
AVAX,2026-01-15 12:00:00+00:00,14.07,-1.0,13.259285714285715,14.459142857142856,2217.1659266345896,1.0,0.85,2.08,2026-01-20 12:00:00+00:00,2026-01-16 16:00:00+00:00,13.259285714285715,tp,125.53607433787232
DOT,2026-01-17 10:00:00+00:00,2.218,1.0,2.2671071428571428,2.1944285714285714,2248.5499452190575,1.0,0.85,2.08,2026-01-22 10:00:00+00:00,2026-01-17 11:00:00+00:00,2.1944285714285714,sl,-26.819207995971723
TRX,2026-01-15 12:00:00+00:00,0.3082,1.0,0.31598571428571426,0.3044628571428571,2217.1659266345896,1.0,0.85,2.08,2026-01-20 12:00:00+00:00,2026-01-17 16:00:00+00:00,0.31598571428571426,tp,53.79263429659019
DOT,2026-01-17 13:00:00+00:00,2.2,-1.0,2.1425000000000005,2.2276000000000002,2241.8451432200645,1.0,0.85,2.08,2026-01-22 13:00:00+00:00,2026-01-18 07:00:00+00:00,2.1425000000000005,tp,56.35183473639492
POL,2026-01-18 07:00:00+00:00,0.1426,-1.0,0.13972500000000002,0.14398,2269.3812604783107,1.0,0.85,2.08,2026-01-23 07:00:00+00:00,2026-01-18 15:00:00+00:00,0.14398,sl,-24.911949772282757
DOT,2026-01-18 07:00:00+00:00,2.152,-1.0,2.1112857142857147,2.171542857142857,2269.3812604783107,1.0,0.85,2.08,2026-01-23 07:00:00+00:00,2026-01-18 18:00:00+00:00,2.171542857142857,sl,-23.55902174280608
LINK,2026-01-14 04:00:00+00:00,14.05,-1.0,13.417857142857143,14.353428571428573,2160.732993149513,1.0,0.85,2.08,2026-01-19 04:00:00+00:00,2026-01-18 20:00:00+00:00,13.417857142857143,tp,95.05577432445706
ADA,2026-01-15 12:00:00+00:00,0.3997,-1.0,0.3724857142857143,0.41276285714285715,2217.1659266345896,1.0,0.85,2.08,2026-01-20 12:00:00+00:00,2026-01-19 00:00:00+00:00,0.3724857142857143,tp,148.74252134735266
AVAX,2026-01-18 20:00:00+00:00,12.98,-1.0,12.419285714285714,13.249142857142857,2281.027461180653,1.0,0.85,2.08,2026-01-23 20:00:00+00:00,2026-01-19 00:00:00+00:00,12.419285714285714,tp,96.25554292330186
LINK,2026-01-18 20:00:00+00:00,13.32,-1.0,12.877142857142857,13.532571428571428,2281.027461180653,1.0,0.85,2.08,2026-01-23 20:00:00+00:00,2026-01-19 00:00:00+00:00,12.877142857142857,tp,73.55750889295949
TRX,2026-01-18 20:00:00+00:00,0.3178,-1.0,0.3102642857142857,0.3214171428571429,2281.027461180653,1.0,0.85,2.08,2026-01-23 20:00:00+00:00,2026-01-19 12:00:00+00:00,0.3102642857142857,tp,51.806987722348914
DOT,2026-01-20 01:00:00+00:00,2.026,1.0,2.0833214285714283,1.998485714285714,2373.618101402144,1.0,0.85,2.08,2026-01-25 01:00:00+00:00,2026-01-20 06:00:00+00:00,1.998485714285714,sl,-35.32084993783427
LINK,2026-01-19 00:00:00+00:00,12.86,-1.0,12.285,13.136,2360.6663544715566,1.0,0.85,2.08,2026-01-24 00:00:00+00:00,2026-01-20 16:00:00+00:00,12.285,tp,103.19012321171378
AVAX,2026-01-19 00:00:00+00:00,12.71,-1.0,12.036785714285715,13.033142857142858,2360.6663544715566,1.0,0.85,2.08,2026-01-24 00:00:00+00:00,2026-01-20 20:00:00+00:00,12.036785714285715,tp,122.67743857356272
DOT,2026-01-21 07:00:00+00:00,1.945,1.0,1.9939285714285715,1.9215142857142857,2421.2547793640047,1.0,0.85,2.08,2026-01-26 07:00:00+00:00,2026-01-21 11:00:00+00:00,1.9215142857142857,sl,-32.38408260703609
TRX,2026-01-20 16:00:00+00:00,0.2978,-1.0,0.2876392857142857,0.30267714285714287,2390.585419720614,1.0,0.85,2.08,2026-01-25 16:00:00+00:00,2026-01-22 16:00:00+00:00,0.30267714285714287,sl,-42.25895850762556
POL,2026-01-23 05:00:00+00:00,0.133,-1.0,0.12892857142857145,0.13495428571428572,2402.5940190853394,1.0,0.85,2.08,2026-01-28 05:00:00+00:00,2026-01-23 14:00:00+00:00,0.12892857142857145,tp,71.14620248352686
POL,2026-01-23 15:00:00+00:00,0.1299,1.0,0.13377499999999998,0.12804,2420.380569706221,1.0,0.85,2.08,2026-01-28 15:00:00+00:00,2026-01-23 20:00:00+00:00,0.12804,sl,-37.803214214471616
ADA,2026-01-19 00:00:00+00:00,0.3656,-1.0,0.3434392857142857,0.3762371428571428,2360.6663544715566,1.0,0.85,2.08,2026-01-24 00:00:00+00:00,2026-01-24 00:00:00+00:00,0.3618,time,22.175800130735897
APT,2026-01-24 00:00:00+00:00,1.55,-1.0,1.4958928571428571,1.5759714285714286,2416.4737161852872,1.0,0.85,2.08,2026-01-29 00:00:00+00:00,2026-01-25 10:00:00+00:00,1.5759714285714286,sl,-43.63127035661549
POL,2026-01-23 21:00:00+00:00,0.1275,-1.0,0.12310714285714287,0.12960857142857143,2410.9297661526034,1.0,0.85,2.08,2026-01-28 21:00:00+00:00,2026-01-25 12:00:00+00:00,0.12310714285714287,tp,80.6547176391049
LINK,2026-01-20 16:00:00+00:00,12.28,-1.0,11.612142857142857,12.600571428571428,2390.585419720614,1.0,0.85,2.08,2026-01-25 16:00:00+00:00,2026-01-25 16:00:00+00:00,11.44,time,161.13480159699887
DOT,2026-01-22 07:00:00+00:00,1.945,-1.0,1.8760714285714286,1.9780857142857144,2413.158758712246,1.0,0.85,2.08,2026-01-27 07:00:00+00:00,2026-01-25 16:00:00+00:00,1.8760714285714286,tp,83.10642266461929
APT,2026-01-25 15:00:00+00:00,1.535,-1.0,1.4878571428571428,1.5576285714285714,2425.7295780059094,1.0,0.85,2.08,2026-01-30 15:00:00+00:00,2026-01-25 16:00:00+00:00,1.4878571428571428,tp,72.07317788983498
POL,2026-01-25 15:00:00+00:00,0.1214,-1.0,0.11895357142857142,0.1225742857142857,2425.7295780059094,1.0,0.85,2.08,2026-01-30 15:00:00+00:00,2026-01-25 18:00:00+00:00,0.11895357142857142,tp,46.4570887596632
DOT,2026-01-25 16:00:00+00:00,1.848,-1.0,1.8030000000000002,1.8696000000000002,2504.808178543773,1.0,0.85,2.08,2026-01-30 16:00:00+00:00,2026-01-25 19:00:00+00:00,1.8030000000000002,tp,58.48889746781424
APT,2026-01-25 16:00:00+00:00,1.503,-1.0,1.4497857142857142,1.528542857142857,2504.808178543773,1.0,0.85,2.08,2026-01-30 16:00:00+00:00,2026-01-25 19:00:00+00:00,1.4497857142857142,tp,86.17887650043679
ATOM,2026-01-25 16:00:00+00:00,2.248,-1.0,2.2021071428571433,2.2700285714285715,2504.808178543773,1.0,0.85,2.08,2026-01-30 16:00:00+00:00,2026-01-25 19:00:00+00:00,2.2021071428571433,tp,48.63078074857772
POL,2026-01-25 18:00:00+00:00,0.1184,-1.0,0.11536428571428572,0.11985714285714286,2516.422450733689,1.0,0.85,2.08,2026-01-30 18:00:00+00:00,2026-01-26 01:00:00+00:00,0.11985714285714286,sl,-34.2408339802148
POL,2026-01-26 18:00:00+00:00,0.1206,1.0,0.12368928571428571,0.11911714285714285,2556.1868809178422,1.0,0.85,2.08,2026-01-31 18:00:00+00:00,2026-01-27 02:00:00+00:00,0.11911714285714285,sl,-34.75305932037357
ATOM,2026-01-26 18:00:00+00:00,2.247,1.0,2.3082499999999997,2.2176,2556.1868809178422,1.0,0.85,2.08,2026-01-31 18:00:00+00:00,2026-01-27 08:00:00+00:00,2.2176,sl,-36.768478770286315
DOT,2026-01-26 18:00:00+00:00,1.881,1.0,1.930642857142857,1.8571714285714287,2556.1868809178422,1.0,0.85,2.08,2026-01-31 18:00:00+00:00,2026-01-27 09:00:00+00:00,1.8571714285714287,sl,-35.70490454898251
APT,2026-01-26 18:00:00+00:00,1.555,1.0,1.59875,1.534,2556.1868809178422,1.0,0.85,2.08,2026-01-31 18:00:00+00:00,2026-01-27 10:00:00+00:00,1.534,sl,-37.84389471321535
POL,2026-01-27 05:00:00+00:00,0.1184,-1.0,0.11541785714285716,0.11983142857142857,2547.498616087749,1.0,0.85,2.08,2026-02-01 05:00:00+00:00,2026-01-27 13:00:00+00:00,0.11541785714285716,tp,61.6163932888732
DOT,2026-01-27 14:00:00+00:00,1.833,-1.0,1.8010357142857143,1.848342857142857,2535.3233949018468,1.0,0.85,2.08,2026-02-01 14:00:00+00:00,2026-01-27 15:00:00+00:00,1.848342857142857,sl,-24.517472327678195
APT,2026-01-27 14:00:00+00:00,1.525,-1.0,1.4866071428571428,1.5434285714285714,2535.3233949018468,1.0,0.85,2.08,2026-02-01 14:00:00+00:00,2026-01-27 15:00:00+00:00,1.5434285714285714,sl,-33.93355207073435
ATOM,2026-01-27 14:00:00+00:00,2.202,1.0,2.247892857142857,2.1799714285714287,2535.3233949018468,1.0,0.85,2.08,2026-02-01 14:00:00+00:00,2026-01-27 16:00:00+00:00,2.247892857142857,tp,50.30447423142585
POL,2026-01-27 14:00:00+00:00,0.1165,1.0,0.11930357142857143,0.11515428571428572,2535.3233949018468,1.0,0.85,2.08,2026-02-01 14:00:00+00:00,2026-01-27 19:00:00+00:00,0.11930357142857143,tp,58.47721078651885
DOT,2026-01-28 02:00:00+00:00,1.871,1.0,1.9286785714285715,1.8433142857142857,2547.90606005673,1.0,0.85,2.08,2026-02-02 02:00:00+00:00,2026-01-28 16:00:00+00:00,1.8433142857142857,sl,-41.01436190029218
DOT,2026-01-28 19:00:00+00:00,1.859,1.0,1.908642857142857,1.8351714285714287,2537.652469581657,1.0,0.85,2.08,2026-02-02 19:00:00+00:00,2026-01-29 02:00:00+00:00,1.8351714285714287,sl,-35.82645392983049
ADA,2026-01-27 16:00:00+00:00,0.3556,1.0,0.3743321428571429,0.3466085714285715,2533.2867573601,1.0,0.85,2.08,2026-02-01 16:00:00+00:00,2026-01-29 08:00:00+00:00,0.3466085714285715,sl,-67.34801668150052
AVAX,2026-01-27 16:00:00+00:00,11.86,1.0,12.451071428571428,11.576285714285714,2533.2867573601,1.0,0.85,2.08,2026-02-01 16:00:00+00:00,2026-01-29 12:00:00+00:00,11.576285714285714,sl,-63.8944231112022
LINK,2026-01-27 16:00:00+00:00,11.97,-1.0,11.386071428571428,12.250285714285715,2533.2867573601,1.0,0.85,2.08,2026-02-01 16:00:00+00:00,2026-01-29 12:00:00+00:00,11.386071428571428,tp,121.04720758217235
DOT,2026-01-29 04:00:00+00:00,1.811,-1.0,1.7501071428571429,1.8402285714285713,2528.6958560991993,1.0,0.85,2.08,2026-02-03 04:00:00+00:00,2026-01-29 15:00:00+00:00,1.7501071428571429,tp,82.49588477514499
DOT,2026-01-29 16:00:00+00:00,1.749,1.0,1.7950714285714287,1.7268857142857144,2546.771019240353,1.0,0.85,2.08,2026-02-03 16:00:00+00:00,2026-01-29 17:00:00+00:00,1.7268857142857144,sl,-35.51207274716449
ADA,2026-01-29 12:00:00+00:00,0.3333,-1.0,0.31440714285714283,0.3423685714285714,2526.147048046567,1.0,0.85,2.08,2026-02-03 12:00:00+00:00,2026-01-31 04:00:00+00:00,0.31440714285714283,tp,140.66657812625317
DOT,2026-01-30 10:00:00+00:00,1.705,1.0,1.7633928571428572,1.6769714285714286,2537.893001053562,1.0,0.85,2.08,2026-02-04 10:00:00+00:00,2026-01-31 05:00:00+00:00,1.6769714285714286,sl,-45.01979770964029
LINK,2026-01-29 12:00:00+00:00,11.04,-1.0,10.44892857142857,11.323714285714285,2526.147048046567,1.0,0.85,2.08,2026-02-03 12:00:00+00:00,2026-01-31 08:00:00+00:00,10.44892857142857,tp,132.7214385018068
AVAX,2026-01-29 12:00:00+00:00,11.01,-1.0,10.333214285714286,11.334857142857143,2526.147048046567,1.0,0.85,2.08,2026-02-03 12:00:00+00:00,2026-01-31 12:00:00+00:00,10.333214285714286,tp,152.75634471425528
POL,2026-01-31 07:00:00+00:00,0.1105,-1.0,0.10692857142857143,0.11221428571428571,2561.804696157715,1.0,0.85,2.08,2026-02-05 07:00:00+00:00,2026-01-31 13:00:00+00:00,0.10692857142857143,tp,80.2373128267161
DOT,2026-01-31 07:00:00+00:00,1.657,-1.0,1.6096785714285713,1.6797142857142857,2561.804696157715,1.0,0.85,2.08,2026-02-05 07:00:00+00:00,2026-01-31 14:00:00+00:00,1.6096785714285713,tp,70.59948555319535
ADA,2026-01-31 08:00:00+00:00,0.3104,-1.0,0.2857928571428572,0.3222114285714286,2594.985055783167,1.0,0.85,2.08,2026-02-05 08:00:00+00:00,2026-01-31 16:00:00+00:00,0.2857928571428572,tp,203.12398395132743
LINK,2026-01-31 20:00:00+00:00,9.99,1.0,10.984642857142857,9.512571428571428,2721.66433754454,1.0,0.85,2.08,2026-02-05 20:00:00+00:00,2026-02-01 20:00:00+00:00,9.512571428571428,sl,-133.60826539876587
LINK,2026-02-01 20:00:00+00:00,9.41,-1.0,8.422500000000001,9.884,2688.262271194849,1.0,0.85,2.08,2026-02-06 20:00:00+00:00,2026-02-02 12:00:00+00:00,9.884,sl,-138.90773952283587
DOT,2026-01-31 20:00:00+00:00,1.499,1.0,1.5997142857142856,1.450657142857143,2721.66433754454,1.0,0.85,2.08,2026-02-05 20:00:00+00:00,2026-02-03 18:00:00+00:00,1.450657142857143,sl,-91.31203305890415
LINK,2026-02-02 12:00:00+00:00,9.93,1.0,11.053214285714285,9.390857142857143,2653.53533631414,1.0,0.85,2.08,2026-02-07 12:00:00+00:00,2026-02-04 12:00:00+00:00,9.390857142857143,sl,-147.5215619744627
TRX,2026-02-04 00:00:00+00:00,0.2869,1.0,0.29129285714285713,0.28479142857142853,2630.7073280494137,1.0,0.85,2.08,2026-02-09 00:00:00+00:00,2026-02-04 12:00:00+00:00,0.28479142857142853,sl,-22.75430192053381
DOT,2026-02-04 12:00:00+00:00,1.499,-1.0,1.4588214285714287,1.5182857142857145,2588.1383620756646,1.0,0.85,2.08,2026-02-09 12:00:00+00:00,2026-02-04 14:00:00+00:00,1.4588214285714287,tp,66.78324392457068
AVAX,2026-01-31 20:00:00+00:00,10.12,1.0,11.023571428571426,9.686285714285715,2721.66433754454,1.0,0.85,2.08,2026-02-05 20:00:00+00:00,2026-02-05 00:00:00+00:00,9.686285714285715,sl,-120.18092096214501
POL,2026-02-04 12:00:00+00:00,0.1085,-1.0,0.10485714285714286,0.11024857142857143,2588.1383620756646,1.0,0.85,2.08,2026-02-09 12:00:00+00:00,2026-02-05 06:00:00+00:00,0.10485714285714286,tp,84.30788301110331
ADA,2026-01-31 20:00:00+00:00,0.2936,1.0,0.3242607142857143,0.27888285714285715,2721.66433754454,1.0,0.85,2.08,2026-02-05 20:00:00+00:00,2026-02-05 08:00:00+00:00,0.27888285714285715,sl,-139.96569383238457
AVAX,2026-02-05 00:00:00+00:00,9.62,-1.0,8.868214285714284,9.980857142857142,2574.788942816271,1.0,0.85,2.08,2026-02-10 00:00:00+00:00,2026-02-05 12:00:00+00:00,8.868214285714284,tp,198.64034042413712
DOT,2026-02-05 12:00:00+00:00,1.39,-1.0,1.3267857142857142,1.4203428571428571,2610.534575216985,1.0,0.85,2.08,2026-02-10 12:00:00+00:00,2026-02-05 15:00:00+00:00,1.3267857142857142,tp,116.11110463686063
POL,2026-02-05 12:00:00+00:00,0.1025,-1.0,0.09714285714285713,0.10507142857142857,2610.534575216985,1.0,0.85,2.08,2026-02-10 12:00:00+00:00,2026-02-05 15:00:00+00:00,0.09714285714285713,tp,133.82855472183823
APT,2026-02-05 12:00:00+00:00,1.159,1.0,1.2141785714285716,1.1325142857142858,2610.534575216985,1.0,0.85,2.08,2026-02-10 12:00:00+00:00,2026-02-05 15:00:00+00:00,1.1325142857142858,sl,-63.05018579521556
LINK,2026-02-05 00:00:00+00:00,9.1,-1.0,8.251785714285715,9.507142857142856,2574.788942816271,1.0,0.85,2.08,2026-02-10 00:00:00+00:00,2026-02-05 16:00:00+00:00,8.251785714285715,tp,237.42221808970478
POL,2026-02-05 21:00:00+00:00,0.0895,1.0,0.09689285714285714,0.08595142857142857,2716.6124981302823,1.0,0.85,2.08,2026-02-10 21:00:00+00:00,2026-02-06 05:00:00+00:00,0.09689285714285714,tp,221.68034963793062
DOT,2026-02-05 21:00:00+00:00,1.257,1.0,1.3598571428571429,1.2076285714285713,2716.6124981302823,1.0,0.85,2.08,2026-02-10 21:00:00+00:00,2026-02-06 16:00:00+00:00,1.3598571428571429,tp,219.5769434347946
APT,2026-02-05 21:00:00+00:00,1.043,1.0,1.1331785714285714,0.9997142857142856,2716.6124981302823,1.0,0.85,2.08,2026-02-10 21:00:00+00:00,2026-02-06 16:00:00+00:00,1.1331785714285714,tp,232.16376545622407
ATOM,2026-02-05 21:00:00+00:00,1.818,1.0,1.9737142857142858,1.7432571428571428,2716.6124981302823,1.0,0.85,2.08,2026-02-10 21:00:00+00:00,2026-02-06 16:00:00+00:00,1.9737142857142858,tp,229.96511176416794
DOT,2026-02-06 16:00:00+00:00,1.375,1.0,1.442857142857143,1.3424285714285713,2942.4590407035616,1.0,0.85,2.08,2026-02-11 16:00:00+00:00,2026-02-07 07:00:00+00:00,1.3424285714285713,sl,-73.52708363919147
APT,2026-02-06 16:00:00+00:00,1.136,1.0,1.1986785714285713,1.1059142857142856,2942.4590407035616,1.0,0.85,2.08,2026-02-11 16:00:00+00:00,2026-02-07 07:00:00+00:00,1.1059142857142856,sl,-81.7529978057529
DOT,2026-02-07 07:00:00+00:00,1.331,-1.0,1.2742142857142857,1.3582571428571428,2903.6390203423252,1.0,0.85,2.08,2026-02-12 07:00:00+00:00,2026-02-07 16:00:00+00:00,1.3582571428571428,sl,-63.23746820431514
APT,2026-02-07 07:00:00+00:00,1.099,-1.0,1.0522142857142858,1.1214571428571427,2903.6390203423252,1.0,0.85,2.08,2026-02-12 07:00:00+00:00,2026-02-07 16:00:00+00:00,1.1214571428571427,sl,-63.108157737729435
APT,2026-02-07 21:00:00+00:00,1.119,-1.0,1.0740000000000003,1.1405999999999998,2872.052613856814,1.0,0.85,2.08,2026-02-12 21:00:00+00:00,2026-02-08 15:00:00+00:00,1.0740000000000003,tp,112.62604177716712
DOT,2026-02-07 21:00:00+00:00,1.376,-1.0,1.3242142857142858,1.4008571428571426,2872.052613856814,1.0,0.85,2.08,2026-02-12 21:00:00+00:00,2026-02-09 06:00:00+00:00,1.3242142857142858,tp,105.21755209161363
ADA,2026-02-09 00:00:00+00:00,0.2735,1.0,0.29001785714285716,0.26557142857142857,2900.2091243011055,1.0,0.85,2.08,2026-02-14 00:00:00+00:00,2026-02-09 08:00:00+00:00,0.26557142857142857,sl,-87.84528173294783
POL,2026-02-06 16:00:00+00:00,0.0982,1.0,0.10745,0.09376,2942.4590407035616,1.0,0.85,2.08,2026-02-11 16:00:00+00:00,2026-02-09 09:00:00+00:00,0.09376,sl,-136.86509635295346
ATOM,2026-02-06 16:00:00+00:00,1.975,1.0,2.074464285714286,1.927257142857143,2942.4590407035616,1.0,0.85,2.08,2026-02-11 16:00:00+00:00,2026-02-09 10:00:00+00:00,1.927257142857143,sl,-74.95502036254422
POL,2026-02-09 15:00:00+00:00,0.0922,-1.0,0.08886071428571429,0.09380285714285715,2851.597162711898,1.0,0.85,2.08,2026-02-14 15:00:00+00:00,2026-02-09 16:00:00+00:00,0.09380285714285715,sl,-53.280860268184085
DOT,2026-02-09 15:00:00+00:00,1.31,-1.0,1.2669642857142858,1.330657142857143,2851.597162711898,1.0,0.85,2.08,2026-02-14 15:00:00+00:00,2026-02-09 17:00:00+00:00,1.330657142857143,sl,-48.673373991802656
APT,2026-02-09 15:00:00+00:00,1.029,-1.0,0.9879285714285713,1.0487142857142857,2851.597162711898,1.0,0.85,2.08,2026-02-14 15:00:00+00:00,2026-02-09 17:00:00+00:00,1.0487142857142857,sl,-58.33992490992107
ATOM,2026-02-09 15:00:00+00:00,1.968,1.0,2.025857142857143,1.9402285714285714,2851.597162711898,1.0,0.85,2.08,2026-02-14 15:00:00+00:00,2026-02-10 05:00:00+00:00,1.9402285714285714,sl,-43.94738470519509
DOT,2026-02-09 21:00:00+00:00,1.325,-1.0,1.2741071428571429,1.3494285714285714,2811.5236229194215,1.0,0.85,2.08,2026-02-14 21:00:00+00:00,2026-02-10 06:00:00+00:00,1.2741071428571429,tp,105.17826512802856
APT,2026-02-09 21:00:00+00:00,1.051,-1.0,1.0017142857142856,1.0746571428571428,2811.5236229194215,1.0,0.85,2.08,2026-02-14 21:00:00+00:00,2026-02-10 06:00:00+00:00,1.0017142857142856,tp,129.0323869258372
ATOM,2026-02-10 06:00:00+00:00,1.905,-1.0,1.8557142857142859,1.9286571428571428,2859.089439756589,1.0,0.85,2.08,2026-02-15 06:00:00+00:00,2026-02-10 15:00:00+00:00,1.9286571428571428,sl,-39.22226893187782
POL,2026-02-09 21:00:00+00:00,0.0942,-1.0,0.09030714285714286,0.09606857142857143,2811.5236229194215,1.0,0.85,2.08,2026-02-14 21:00:00+00:00,2026-02-10 18:00:00+00:00,0.09030714285714286,tp,113.37594790355044
ATOM,2026-02-10 16:00:00+00:00,1.93,-1.0,1.882142857142857,1.9529714285714286,2849.2838725236193,1.0,0.85,2.08,2026-02-15 16:00:00+00:00,2026-02-11 06:00:00+00:00,1.882142857142857,tp,67.80283287769224
POL,2026-02-10 19:00:00+00:00,0.0908,1.0,0.09383571428571429,0.08934285714285715,2877.627859499507,1.0,0.85,2.08,2026-02-15 19:00:00+00:00,2026-02-11 06:00:00+00:00,0.08934285714285715,sl,-49.92059552335133
APT,2026-02-10 06:00:00+00:00,1.002,-1.0,0.9634285714285714,1.0205142857142857,2859.089439756589,1.0,0.85,2.08,2026-02-15 06:00:00+00:00,2026-02-11 07:00:00+00:00,0.9634285714285714,tp,107.19995657311473
DOT,2026-02-10 06:00:00+00:00,1.278,-1.0,1.2369285714285714,1.2977142857142858,2859.089439756589,1.0,0.85,2.08,2026-02-15 06:00:00+00:00,2026-02-11 08:00:00+00:00,1.2369285714285714,tp,89.0242342725194
ATOM,2026-02-11 09:00:00+00:00,1.881,-1.0,1.8417142857142856,1.899857142857143,2931.1544665495007,1.0,0.85,2.08,2026-02-16 09:00:00+00:00,2026-02-11 12:00:00+00:00,1.899857142857143,sl,-33.19550798996807
DOT,2026-02-11 09:00:00+00:00,1.235,-1.0,1.2075,1.2482000000000002,2931.1544665495007,1.0,0.85,2.08,2026-02-16 09:00:00+00:00,2026-02-11 13:00:00+00:00,1.2482000000000002,sl,-35.13943923441209
POL,2026-02-11 09:00:00+00:00,0.0886,-1.0,0.08611785714285713,0.08979142857142856,2931.1544665495007,1.0,0.85,2.08,2026-02-16 09:00:00+00:00,2026-02-11 13:00:00+00:00,0.08979142857142856,sl,-43.226541198360074
APT,2026-02-11 09:00:00+00:00,0.961,1.0,0.9958214285714285,0.9442857142857143,2931.1544665495007,1.0,0.85,2.08,2026-02-16 09:00:00+00:00,2026-02-11 15:00:00+00:00,0.9442857142857143,sl,-54.79088917968084
DOT,2026-02-11 19:00:00+00:00,1.259,-1.0,1.212392857142857,1.2813714285714284,2889.566372148895,1.0,0.85,2.08,2026-02-16 19:00:00+00:00,2026-02-12 03:00:00+00:00,1.2813714285714284,sl,-55.10173230994983
APT,2026-02-11 19:00:00+00:00,0.927,-1.0,0.8791428571428572,0.9499714285714286,2889.566372148895,1.0,0.85,2.08,2026-02-16 19:00:00+00:00,2026-02-12 03:00:00+00:00,0.9499714285714286,sl,-75.36103986547664
POL,2026-02-11 19:00:00+00:00,0.0894,-1.0,0.08593571428571428,0.09106285714285713,2889.566372148895,1.0,0.85,2.08,2026-02-16 19:00:00+00:00,2026-02-12 06:00:00+00:00,0.09106285714285713,sl,-57.50292489327411
ATOM,2026-02-11 19:00:00+00:00,1.931,1.0,2.0090357142857145,1.8935428571428572,2889.566372148895,1.0,0.85,2.08,2026-02-16 19:00:00+00:00,2026-02-12 08:00:00+00:00,2.0090357142857145,tp,113.8838027767996
APT,2026-02-12 03:00:00+00:00,0.956,1.0,1.010642857142857,0.9297714285714286,2856.9506791050385,1.0,0.85,2.08,2026-02-17 03:00:00+00:00,2026-02-12 15:00:00+00:00,0.9297714285714286,sl,-82.09660382720058
DOT,2026-02-12 03:00:00+00:00,1.282,1.0,1.3352142857142857,1.256457142857143,2856.9506791050385,1.0,0.85,2.08,2026-02-17 03:00:00+00:00,2026-02-12 16:00:00+00:00,1.256457142857143,sl,-60.636565571267546
DOT,2026-02-12 23:00:00+00:00,1.283,1.0,1.3253214285714283,1.2626857142857142,2835.3626062263033,1.0,0.85,2.08,2026-02-17 23:00:00+00:00,2026-02-13 05:00:00+00:00,1.2626857142857142,sl,-48.57947574232876
APT,2026-02-12 23:00:00+00:00,0.924,1.0,0.96275,0.9054000000000001,2835.3626062263033,1.0,0.85,2.08,2026-02-17 23:00:00+00:00,2026-02-13 05:00:00+00:00,0.9054000000000001,sl,-60.76145242251962
ATOM,2026-02-12 23:00:00+00:00,1.968,-1.0,1.90925,1.9962,2835.3626062263033,1.0,0.85,2.08,2026-02-17 23:00:00+00:00,2026-02-13 09:00:00+00:00,1.9962,sl,-44.314642879751595
DOT,2026-02-13 10:00:00+00:00,1.281,1.0,1.3081428571428573,1.2679714285714285,2796.9487134651536,1.0,0.85,2.08,2026-02-18 10:00:00+00:00,2026-02-13 15:00:00+00:00,1.3081428571428573,tp,56.46704766864519
APT,2026-02-13 10:00:00+00:00,0.917,-1.0,0.8896785714285714,0.9301142857142858,2796.9487134651536,1.0,0.85,2.08,2026-02-18 10:00:00+00:00,2026-02-13 15:00:00+00:00,0.9301142857142858,sl,-43.63601648626801
ATOM,2026-02-13 10:00:00+00:00,2.02,1.0,2.0635714285714286,1.9990857142857144,2796.9487134651536,1.0,0.85,2.08,2026-02-18 10:00:00+00:00,2026-02-13 15:00:00+00:00,2.0635714285714286,tp,57.53327459678042
POL,2026-02-12 23:00:00+00:00,0.0962,1.0,0.09977142857142857,0.09448571428571428,2835.3626062263033,1.0,0.85,2.08,2026-02-17 23:00:00+00:00,2026-02-13 19:00:00+00:00,0.09977142857142857,tp,102.42757941286726
ADA,2026-02-13 16:00:00+00:00,0.2725,1.0,0.28935714285714287,0.26440857142857144,2814.5397899099435,1.0,0.85,2.08,2026-02-18 16:00:00+00:00,2026-02-14 16:00:00+00:00,0.28935714285714287,tp,171.29591641421752
AVAX,2026-02-13 16:00:00+00:00,9.18,1.0,9.724642857142857,8.918571428571429,2814.5397899099435,1.0,0.85,2.08,2026-02-18 16:00:00+00:00,2026-02-15 04:00:00+00:00,9.724642857142857,tp,164.17009993980793
ADA,2026-02-15 04:00:00+00:00,0.3008,1.0,0.31660357142857143,0.2932142857142857,2924.0131888516667,1.0,0.85,2.08,2026-02-20 04:00:00+00:00,2026-02-15 08:00:00+00:00,0.2932142857142857,sl,-77.54034154141519
AVAX,2026-02-15 04:00:00+00:00,9.7,1.0,10.123214285714285,9.496857142857142,2924.0131888516667,1.0,0.85,2.08,2026-02-20 04:00:00+00:00,2026-02-15 12:00:00+00:00,9.496857142857142,sl,-65.0375463730047
DOT,2026-02-15 04:00:00+00:00,1.417,-1.0,1.3677142857142857,1.4406571428571429,2924.0131888516667,1.0,0.85,2.08,2026-02-20 04:00:00+00:00,2026-02-15 12:00:00+00:00,1.3677142857142857,tp,98.778229996331
POL,2026-02-15 15:00:00+00:00,0.106,1.0,0.11044642857142857,0.10386571428571428,2913.0632743721444,1.0,0.85,2.08,2026-02-20 15:00:00+00:00,2026-02-18 05:00:00+00:00,0.11044642857142857,tp,119.28248175909555
POL,2026-02-18 06:00:00+00:00,0.1112,1.0,0.11393214285714284,0.10988857142857142,2942.8838948119183,1.0,0.85,2.08,2026-02-23 06:00:00+00:00,2026-02-18 11:00:00+00:00,0.10988857142857142,sl,-38.53242192344753
APT,2026-02-15 15:00:00+00:00,0.928,-1.0,0.8872857142857143,0.9475428571428572,2913.0632743721444,1.0,0.85,2.08,2026-02-20 15:00:00+00:00,2026-02-18 13:00:00+00:00,0.8872857142857143,tp,124.89220661418402
LINK,2026-02-13 16:00:00+00:00,8.8,1.0,9.35,8.536000000000001,2814.5397899099435,1.0,0.85,2.08,2026-02-18 16:00:00+00:00,2026-02-18 16:00:00+00:00,8.57,time,-76.37637520801087
DOT,2026-02-15 15:00:00+00:00,1.367,-1.0,1.3171785714285715,1.3909142857142858,2913.0632743721444,1.0,0.85,2.08,2026-02-20 15:00:00+00:00,2026-02-18 18:00:00+00:00,1.3171785714285715,tp,103.25590076965368
APT,2026-02-19 00:00:00+00:00,0.875,-1.0,0.8430357142857142,0.8903428571428571,2971.1937223750133,1.0,0.85,2.08,2026-02-24 00:00:00+00:00,2026-02-19 13:00:00+00:00,0.8430357142857142,tp,105.5683320541818
POL,2026-02-19 00:00:00+00:00,0.1077,-1.0,0.10400357142857143,0.10947428571428572,2971.1937223750133,1.0,0.85,2.08,2026-02-24 00:00:00+00:00,2026-02-19 14:00:00+00:00,0.10400357142857143,tp,99.00471497434006
DOT,2026-02-19 00:00:00+00:00,1.306,-1.0,1.266892857142857,1.3247714285714287,2971.1937223750133,1.0,0.85,2.08,2026-02-24 00:00:00+00:00,2026-02-19 16:00:00+00:00,1.266892857142857,tp,85.99886550975833
DOT,2026-02-19 19:00:00+00:00,1.281,-1.0,1.2442142857142855,1.2986571428571427,3043.8367005095834,1.0,0.85,2.08,2026-02-24 19:00:00+00:00,2026-02-20 07:00:00+00:00,1.2986571428571427,sl,-45.91284989232674
DOT,2026-02-20 08:00:00+00:00,1.301,1.0,1.3258214285714285,1.2890857142857142,3032.3584880365015,1.0,0.85,2.08,2026-02-25 08:00:00+00:00,2026-02-20 13:00:00+00:00,1.2890857142857142,sl,-31.711770426919763
DOT,2026-02-20 13:00:00+00:00,1.285,-1.0,1.2553571428571426,1.2992285714285714,3024.4305454297714,1.0,0.85,2.08,2026-02-25 13:00:00+00:00,2026-02-20 14:00:00+00:00,1.2992285714285714,sl,-37.420729394973804
ATOM,2026-02-19 00:00:00+00:00,2.316,-1.0,2.1784999999999997,2.382,2971.1937223750133,1.0,0.85,2.08,2026-02-24 00:00:00+00:00,2026-02-20 16:00:00+00:00,2.382,sl,-88.5338755337126
POL,2026-02-19 19:00:00+00:00,0.106,-1.0,0.1024642857142857,0.10769714285714285,3043.8367005095834,1.0,0.85,2.08,2026-02-24 19:00:00+00:00,2026-02-21 04:00:00+00:00,0.10769714285714285,sl,-52.69119256518242
APT,2026-02-19 19:00:00+00:00,0.861,1.0,0.8951071428571429,0.8446285714285714,3043.8367005095834,1.0,0.85,2.08,2026-02-24 19:00:00+00:00,2026-02-21 08:00:00+00:00,0.8951071428571429,tp,117.53290334373528
AVAX,2026-02-21 17:00:00+00:00,9.27,1.0,9.505714285714284,9.156857142857143,3009.1523218922384,1.0,0.85,2.08,2026-02-26 17:00:00+00:00,2026-02-21 23:00:00+00:00,9.156857142857143,sl,-40.63941595556318
ADA,2026-02-21 17:00:00+00:00,0.281,1.0,0.28967857142857145,0.27683428571428575,3009.1523218922384,1.0,0.85,2.08,2026-02-26 17:00:00+00:00,2026-02-22 04:00:00+00:00,0.27683428571428575,sl,-48.52139558143774
DOT,2026-02-21 17:00:00+00:00,1.361,1.0,1.3976071428571428,1.3434285714285714,3009.1523218922384,1.0,0.85,2.08,2026-02-26 17:00:00+00:00,2026-02-22 05:00:00+00:00,1.3434285714285714,sl,-42.76208544291098
LINK,2026-02-21 17:00:00+00:00,8.95,1.0,9.2,8.829999999999998,3009.1523218922384,1.0,0.85,2.08,2026-02-26 17:00:00+00:00,2026-02-22 08:00:00+00:00,8.829999999999998,sl,-44.258074401372944
LINK,2026-02-22 12:00:00+00:00,8.76,-1.0,8.617142857142857,8.828571428571427,2965.107079046917,1.0,0.85,2.08,2026-02-27 12:00:00+00:00,2026-02-22 17:00:00+00:00,8.617142857142857,tp,45.389541959552346
ADA,2026-02-22 12:00:00+00:00,0.2733,-1.0,0.26881785714285716,0.27545142857142857,2965.107079046917,1.0,0.85,2.08,2026-02-27 12:00:00+00:00,2026-02-22 20:00:00+00:00,0.26881785714285716,tp,45.66289700076927
ADA,2026-02-22 20:00:00+00:00,0.2693,-1.0,0.2652642857142857,0.27123714285714284,2987.8701887869975,1.0,0.85,2.08,2026-02-27 20:00:00+00:00,2026-02-22 22:00:00+00:00,0.27123714285714284,sl,-25.376735494508946
LINK,2026-02-22 20:00:00+00:00,8.61,-1.0,8.456428571428571,8.683714285714284,2987.8701887869975,1.0,0.85,2.08,2026-02-27 20:00:00+00:00,2026-02-22 22:00:00+00:00,8.683714285714284,sl,-29.4648022992488
AVAX,2026-02-22 12:00:00+00:00,8.93,-1.0,8.778214285714286,9.002857142857142,2965.107079046917,1.0,0.85,2.08,2026-02-27 12:00:00+00:00,2026-02-23 00:00:00+00:00,8.778214285714286,tp,47.43364946370359
DOT,2026-02-22 12:00:00+00:00,1.324,-1.0,1.2970357142857143,1.3369428571428572,2965.107079046917,1.0,0.85,2.08,2026-02-27 12:00:00+00:00,2026-02-23 00:00:00+00:00,1.2970357142857143,tp,57.421595679920166
ADA,2026-02-23 18:00:00+00:00,0.2634,1.0,0.27241785714285716,0.25907142857142856,3000.3736156244636,1.0,0.85,2.08,2026-02-28 18:00:00+00:00,2026-02-24 03:00:00+00:00,0.25907142857142856,sl,-53.20698345138127
DOT,2026-02-23 18:00:00+00:00,1.267,-1.0,1.2286071428571426,1.2854285714285714,3000.3736156244636,1.0,0.85,2.08,2026-02-28 18:00:00+00:00,2026-02-24 13:00:00+00:00,1.2286071428571426,tp,87.91747610802858
AVAX,2026-02-23 18:00:00+00:00,8.42,-1.0,8.130714285714285,8.558857142857143,3000.3736156244636,1.0,0.85,2.08,2026-02-28 18:00:00+00:00,2026-02-25 01:00:00+00:00,8.558857142857143,sl,-53.3806885233009
LINK,2026-02-23 18:00:00+00:00,8.27,-1.0,8.00392857142857,8.397714285714285,3000.3736156244636,1.0,0.85,2.08,2026-02-28 18:00:00+00:00,2026-02-25 01:00:00+00:00,8.397714285714285,sl,-50.23550059698239
ADA,2026-02-24 03:00:00+00:00,0.2587,-1.0,0.2501642857142857,0.26279714285714284,2987.0718697616185,1.0,0.85,2.08,2026-03-01 03:00:00+00:00,2026-02-25 01:00:00+00:00,0.26279714285714284,sl,-51.19073179546075
DOT,2026-02-24 18:00:00+00:00,1.25,-1.0,1.2176785714285714,1.2655142857142856,3009.0512387886256,1.0,0.85,2.08,2026-03-01 18:00:00+00:00,2026-02-25 01:00:00+00:00,1.2655142857142856,sl,-41.2583911284186
AVAX,2026-02-25 01:00:00+00:00,8.62,1.0,8.889642857142857,8.490571428571428,2960.034910777585,1.0,0.85,2.08,2026-03-02 01:00:00+00:00,2026-02-25 05:00:00+00:00,8.490571428571428,sl,-48.29271938408517
LINK,2026-02-25 01:00:00+00:00,8.56,1.0,8.811785714285714,8.439142857142858,2960.034910777585,1.0,0.85,2.08,2026-03-02 01:00:00+00:00,2026-02-25 05:00:00+00:00,8.439142857142858,sl,-45.640260579568626
DOT,2026-02-25 01:00:00+00:00,1.287,1.0,1.325035714285714,1.2687428571428572,2960.034910777585,1.0,0.85,2.08,2026-03-02 01:00:00+00:00,2026-02-25 05:00:00+00:00,1.2687428571428572,sl,-45.838550611824516
ADA,2026-02-25 01:00:00+00:00,0.2673,1.0,0.2750142857142857,0.26359714285714286,2960.034910777585,1.0,0.85,2.08,2026-03-02 01:00:00+00:00,2026-02-25 12:00:00+00:00,0.2750142857142857,tp,82.46665804095666
ADA,2026-02-25 17:00:00+00:00,0.2962,1.0,0.305825,0.29158,2945.7086926439547,1.0,0.85,2.08,2026-03-02 17:00:00+00:00,2026-02-25 20:00:00+00:00,0.305825,tp,92.774906319841
DOT,2026-02-25 17:00:00+00:00,1.577,1.0,1.6771785714285712,1.5289142857142857,2945.7086926439547,1.0,0.85,2.08,2026-03-02 17:00:00+00:00,2026-02-25 21:00:00+00:00,1.6771785714285712,tp,184.1797755646773
LINK,2026-02-25 17:00:00+00:00,9.48,1.0,9.819285714285714,9.317142857142857,2945.7086926439547,1.0,0.85,2.08,2026-03-02 17:00:00+00:00,2026-02-25 23:00:00+00:00,9.317142857142857,sl,-54.43382017949268
DOT,2026-02-25 23:00:00+00:00,1.663,1.0,1.81925,1.588,3001.338908070211,1.0,0.85,2.08,2026-03-02 23:00:00+00:00,2026-02-26 05:00:00+00:00,1.588,sl,-139.25977912845622
AVAX,2026-02-25 17:00:00+00:00,9.66,-1.0,9.236785714285714,9.863142857142858,2945.7086926439547,1.0,0.85,2.08,2026-03-02 17:00:00+00:00,2026-02-26 15:00:00+00:00,9.236785714285714,tp,126.10874268206348
LINK,2026-02-25 23:00:00+00:00,9.27,-1.0,8.861071428571428,9.466285714285714,3001.338908070211,1.0,0.85,2.08,2026-03-02 23:00:00+00:00,2026-02-26 16:00:00+00:00,8.861071428571428,tp,129.39706800133004
ADA,2026-02-25 23:00:00+00:00,0.2971,-1.0,0.28129642857142856,0.3046857142857143,3001.338908070211,1.0,0.85,2.08,2026-03-02 23:00:00+00:00,2026-02-26 20:00:00+00:00,0.2881,time,87.91771249762402
