asset,entry_ts,entry_price,direction,take_profit,stop_loss,position_usd,leverage,confidence,entry_confidence,breakeven_activated,rr_ratio,max_hold_bar,exit_ts,exit_price,outcome,pnl_usd,fold
ADA,2024-11-15 20:00:00+00:00,0.6993205547332764,-1.0,0.5175254948139191,0.7216667228128228,2500.0,2.0,0.9158570170402527,0.9158570170402527,False,8.14,2024-11-21 00:00:00+00:00,2024-11-16 00:00:00+00:00,0.7034739255905151,mss_invalidation,-18.097879234805564,1
TRX,2024-11-16 08:00:00+00:00,0.19806846976280212,-1.0,0.17416071987152099,0.20100719976850917,6227.377650956492,5.0,0.9775225520133972,0.9775225520133972,False,8.14,2024-11-21 12:00:00+00:00,2024-11-16 16:00:00+00:00,0.20100719976850917,sl,-100.49081963484419,1
SUI,2024-11-16 00:00:00+00:00,3.8524248600006104,-1.0,2.927023724555969,3.9661747568505152,3736.4265905738957,3.0,0.9288642406463623,0.9288642406463623,False,8.14,2024-11-21 04:00:00+00:00,2024-11-21 04:00:00+00:00,3.5232067108154297,time,315.5688139832391,1
LINK,2024-11-18 12:00:00+00:00,15.158904075622559,-1.0,12.195677326202393,15.523142592498234,2440.705650565175,2.0,0.9140449166297913,0.9140449166297913,False,8.14,2024-11-23 16:00:00+00:00,2024-11-22 20:00:00+00:00,15.264217376708984,mss_invalidation,-20.129207045770624,1
AVAX,2024-11-22 20:00:00+00:00,43.03418731689453,-1.0,34.12603108215332,44.12917392757961,2588.4254540339093,2.0,0.9007288217544556,0.9007288217544556,False,8.14,2024-11-28 00:00:00+00:00,2024-11-23 00:00:00+00:00,43.07826614379883,mss_invalidation,-6.016211651324077,1
AVAX,2024-11-23 00:00:00+00:00,43.82176208496094,-1.0,34.72199592590332,44.94030130250113,3878.126022312371,3.0,0.9359114766120911,0.9359114766120911,False,8.14,2024-11-28 04:00:00+00:00,2024-11-25 04:00:00+00:00,44.94030130250113,sl,-104.02973409266237,1
UNI,2024-11-25 04:00:00+00:00,11.51230525970459,-1.0,8.712875244140625,11.856409954752241,2533.402481161916,2.0,0.9053775072097778,0.9053775072097778,False,8.14,2024-11-30 08:00:00+00:00,2024-11-25 08:00:00+00:00,11.509345054626465,mss_invalidation,-2.6419993168760167,1
UNI,2024-11-25 08:00:00+00:00,11.815825462341309,-1.0,9.032994876861572,12.157889762810298,2532.0814815034782,2.0,0.9166886806488037,0.9166886806488037,False,8.14,2024-11-30 12:00:00+00:00,2024-11-25 12:00:00+00:00,11.816547393798828,mss_invalidation,-3.446412787555184,1
SUI,2024-11-26 08:00:00+00:00,3.0469741821289062,-1.0,2.3341224288940428,3.134597603252956,2530.3582751097006,2.0,0.8791660070419312,0.8791660070419312,False,8.14,2024-12-01 12:00:00+00:00,2024-11-26 12:00:00+00:00,3.134597603252956,sl,-76.05629457919416,1
FIL,2024-11-29 12:00:00+00:00,6.014115810394287,-1.0,4.976229244232178,6.141692366463797,1246.1650639100517,1.0,0.8064513802528381,0.8064513802528381,False,8.14,2024-12-04 16:00:00+00:00,2024-11-29 20:00:00+00:00,6.036802291870117,mss_invalidation,-6.320805444037329,1
FIL,2024-11-30 12:00:00+00:00,6.640239238739014,-1.0,5.623130937576294,6.765261739696776,2489.1697250980847,2.0,0.864136815071106,0.864136815071106,False,8.14,2024-12-05 16:00:00+00:00,2024-11-30 16:00:00+00:00,6.636902809143066,mss_invalidation,-1.9852217985704572,1
FIL,2024-11-30 16:00:00+00:00,6.9931230545043945,-1.0,5.824183620452881,7.136808570929936,2488.1771141987992,2.0,0.9052222967147827,0.9052222967147827,False,8.14,2024-12-05 20:00:00+00:00,2024-11-30 20:00:00+00:00,6.993466377258301,mss_invalidation,-3.3567856591948484,1
FIL,2024-11-30 20:00:00+00:00,7.106132984161377,-1.0,5.877159854888916,7.2571978157588415,3729.748082053803,3.0,0.9438489675521851,0.9438489675521851,False,8.14,2024-12-06 00:00:00+00:00,2024-12-02 16:00:00+00:00,7.2571978157588415,sl,-84.13705159727277,1
LINK,2024-12-02 16:00:00+00:00,23.90398597717285,-1.0,18.63361604309082,24.55181751033238,2444.4301955705655,2.0,0.8743361234664917,0.8743361234664917,False,8.14,2024-12-07 20:00:00+00:00,2024-12-02 20:00:00+00:00,23.81458282470703,mss_invalidation,5.964639242617539,1
ICP,2024-12-02 20:00:00+00:00,13.76146411895752,-1.0,11.362793718065534,14.401109559195381,2753.3390795908585,3.0,0.9535936713218689,0.9535936713218689,False,3.75,2024-12-08 00:00:00+00:00,2024-12-03 00:00:00+00:00,13.766401290893555,mss_invalidation,-4.567150553697994,1
ICP,2024-12-03 00:00:00+00:00,14.048201560974121,-1.0,11.500341176986694,14.727630996704102,916.9233524681345,1.0,0.7876632213592529,0.7876632213592529,False,3.75,2024-12-08 04:00:00+00:00,2024-12-03 20:00:00+00:00,13.828563690185547,mss_invalidation,13.143720263275567,1
UNI,2024-12-03 20:00:00+00:00,15.158709526062012,-1.0,11.585587802886963,15.597916062423161,1225.8504000233315,1.0,0.8014341592788696,0.8014341592788696,False,8.14,2024-12-09 00:00:00+00:00,2024-12-04 08:00:00+00:00,15.291327476501465,mss_invalidation,-12.318117874922786,1
ATOM,2024-12-04 08:00:00+00:00,10.522765159606934,-1.0,8.099560340881348,10.820624420438493,2445.5417411092017,2.0,0.9041294455528259,0.9041294455528259,False,8.14,2024-12-09 12:00:00+00:00,2024-12-09 12:00:00+00:00,9.246685981750488,time,294.1214581941835,1
TRX,2024-12-09 12:00:00+00:00,0.29117316007614136,-1.0,0.2547484160661697,0.2875168055295944,2592.602470206293,2.0,0.8712774515151978,0.8712774515151978,True,8.14,2024-12-14 16:00:00+00:00,2024-12-09 20:00:00+00:00,0.2547484160661697,tp,321.7328994826172,1
LINK,2024-12-09 20:00:00+00:00,22.34186553955078,-1.0,15.651159301757813,23.164284180777415,1376.734459973801,1.0,0.8404397368431091,0.8404397368431091,False,8.14,2024-12-15 00:00:00+00:00,2024-12-10 08:00:00+00:00,23.164284180777415,sl,-52.4682481358281,1
ATOM,2024-12-10 12:00:00+00:00,7.570806503295898,-1.0,4.848248308181763,7.905462148291724,1363.617397939844,1.0,0.8219480514526367,0.8219480514526367,False,8.14,2024-12-15 16:00:00+00:00,2024-12-10 20:00:00+00:00,7.905462148291724,sl,-62.04927416044896,1
UNI,2024-12-17 12:00:00+00:00,15.684985160827637,-1.0,12.796477653503418,16.04003922162737,2696.2101587994634,2.0,0.8775572180747986,0.8775572180747986,False,8.14,2024-12-22 16:00:00+00:00,2024-12-17 16:00:00+00:00,16.04003922162737,sl,-64.53798817801663,1
ADA,2024-12-18 04:00:00+00:00,1.0231029987335205,-1.0,0.8444952311515808,1.0450573862535613,2663.9411647104553,2.0,0.9052782654762268,0.9052782654762268,False,8.14,2024-12-23 08:00:00+00:00,2024-12-18 08:00:00+00:00,1.0450573862535613,sl,-60.62764823259254,1
ATOM,2024-12-18 20:00:00+00:00,7.650518417358398,-1.0,6.045634225845337,7.512942600250244,2633.627340594159,2.0,0.8829723596572876,0.8829723596572876,True,8.14,2024-12-24 00:00:00+00:00,2024-12-20 08:00:00+00:00,6.045634225845337,tp,549.8344087687224,1
TRX,2024-12-20 08:00:00+00:00,0.2262788563966751,-1.0,0.17945171290636064,0.23203482809130635,4362.81681746778,3.0,0.9578844308853149,0.9578844308853149,False,8.14,2024-12-25 12:00:00+00:00,2024-12-20 12:00:00+00:00,0.23203482809130635,sl,-116.65087799496132,1
SUI,2024-12-20 08:00:00+00:00,3.5311813354492188,-1.0,2.343674955368042,3.6771490926401955,4362.81681746778,3.0,0.945932924747467,0.945932924747467,False,8.14,2024-12-25 12:00:00+00:00,2024-12-20 12:00:00+00:00,3.6771490926401955,sl,-186.01657348980604,1
APT,2024-12-21 12:00:00+00:00,9.913293838500977,-1.0,5.866925495147705,10.410671639374325,1378.605409618068,1.0,0.8156657218933105,0.8156657218933105,False,8.14,2024-12-26 16:00:00+00:00,2024-12-26 16:00:00+00:00,8.943765640258789,time,133.45012464203245,1
APT,2024-12-26 20:00:00+00:00,8.806401252746582,-1.0,7.625304672241211,8.951581120218549,2823.9358815571522,2.0,0.8542866706848145,0.8542866706848145,False,8.14,2025-01-01 00:00:00+00:00,2024-12-27 00:00:00+00:00,8.951581120218549,sl,-50.22573359649918,1
SUI,2024-12-28 04:00:00+00:00,3.9832539558410645,-1.0,3.309153720855713,4.066114057540894,1399.4115073794512,1.0,0.81185382604599,0.81185382604599,False,8.14,2025-01-02 08:00:00+00:00,2024-12-28 08:00:00+00:00,4.066114057540894,sl,-30.92995225426514,1
TRX,2024-12-27 08:00:00+00:00,0.2626870572566986,-1.0,0.24643385177850724,0.2620673716068268,1399.4115073794512,1.0,0.847274661064148,0.847274661064148,True,8.14,2025-01-01 12:00:00+00:00,2025-01-01 12:00:00+00:00,0.2543625235557556,time,42.94783717828305,1
UNI,2025-01-02 04:00:00+00:00,14.090760231018066,-1.0,12.58152010345459,14.276275357655116,2804.8319572209116,2.0,0.9113060832023621,0.9113060832023621,False,8.14,2025-01-07 08:00:00+00:00,2025-01-02 08:00:00+00:00,14.095503807067871,mss_invalidation,-4.590512620487089,1
UNI,2025-01-02 08:00:00+00:00,14.312171936035156,-1.0,12.753263572692871,14.503792260169982,2802.536700910668,2.0,0.87632155418396,0.87632155418396,False,8.14,2025-01-07 12:00:00+00:00,2025-01-03 12:00:00+00:00,14.475138664245605,mss_invalidation,-35.55461339955879,1
ICP,2025-01-03 12:00:00+00:00,12.023719787597656,-1.0,10.714974062783376,12.372718647548131,3132.8543184872497,3.0,0.9426648616790771,0.9426648616790771,False,3.75,2025-01-08 16:00:00+00:00,2025-01-03 16:00:00+00:00,12.025607109069824,mss_invalidation,-4.564463859194213,1
APT,2025-01-03 16:00:00+00:00,9.869104385375977,-1.0,8.829479175567627,9.996894654750824,4173.715743421938,3.0,0.9564788937568665,0.9564788937568665,False,8.14,2025-01-08 20:00:00+00:00,2025-01-04 20:00:00+00:00,9.996894654750824,sl,-59.46926118912498,1
AVAX,2025-01-04 20:00:00+00:00,42.6832275390625,-1.0,37.87765107727051,43.2739268648965,2752.7425316867293,2.0,0.8713285326957703,0.8713285326957703,False,8.14,2025-01-10 00:00:00+00:00,2025-01-05 20:00:00+00:00,42.43097686767578,mss_invalidation,12.689678508723159,1
FIL,2025-01-05 20:00:00+00:00,5.92227840423584,-1.0,5.3564683609008785,5.991827523640224,4138.631056411636,3.0,0.9590667486190796,0.9590667486190796,False,8.14,2025-01-11 00:00:00+00:00,2025-01-06 00:00:00+00:00,5.915141582489014,mss_invalidation,-0.39283712158475625,1
FIL,2025-01-06 00:00:00+00:00,6.255785942077637,-1.0,5.5364542541503905,6.212608170509339,2758.8909523802986,2.0,0.857853353023529,0.857853353023529,True,8.14,2025-01-11 04:00:00+00:00,2025-01-07 16:00:00+00:00,5.5364542541503905,tp,314.47665769937356,1
TRX,2025-01-07 16:00:00+00:00,0.25395897030830383,-1.0,0.2356909580230713,0.2524220868945122,4374.193921844978,3.0,0.9513593316078186,0.9513593316078186,True,8.14,2025-01-12 20:00:00+00:00,2025-01-12 20:00:00+00:00,0.23341338336467743,time,349.50336913665353,1
TRX,2025-01-12 20:00:00+00:00,0.23341338336467743,-1.0,0.22192258191108705,0.2321104995906353,7727.2024144957795,5.0,0.9860197305679321,0.9860197305679321,True,8.14,2025-01-18 00:00:00+00:00,2025-01-13 08:00:00+00:00,0.22192258191108705,tp,372.67835726992854,1
AVAX,2025-01-13 08:00:00+00:00,33.450687408447266,-1.0,28.56784051513672,34.05088478142875,8193.050361083191,5.0,0.9864498972892761,0.9864498972892761,False,8.14,2025-01-18 12:00:00+00:00,2025-01-13 12:00:00+00:00,34.05088478142875,sl,-157.65683244556269,1
ADA,2025-01-15 04:00:00+00:00,1.0505783557891846,-1.0,0.8684515047073365,1.0729653074911663,3198.391728210495,2.0,0.8724412322044373,0.8724412322044373,False,8.14,2025-01-20 08:00:00+00:00,2025-01-15 12:00:00+00:00,1.0017212629318237,mss_invalidation,144.58313495845925,1
FIL,2025-01-15 12:00:00+00:00,5.504956245422363,-1.0,4.5956332416534424,5.616729825462614,1635.3416478448623,1.0,0.8495104312896729,0.8495104312896729,False,8.14,2025-01-20 16:00:00+00:00,2025-01-15 20:00:00+00:00,5.51798677444458,mss_invalidation,-5.996886226652141,1
FIL,2025-01-15 20:00:00+00:00,5.656716346740723,-1.0,4.829306051254273,5.758421253034046,3267.6848525763985,2.0,0.8906844854354858,0.8906844854354858,False,8.14,2025-01-21 00:00:00+00:00,2025-01-16 16:00:00+00:00,5.571372985839844,mss_invalidation,45.05184913727618,1
FIL,2025-01-16 16:00:00+00:00,5.746748924255371,-1.0,4.849338871002197,5.857058169705527,3290.2107771450364,2.0,0.8803020119667053,0.8803020119667053,False,8.14,2025-01-21 20:00:00+00:00,2025-01-17 04:00:00+00:00,5.776549816131592,mss_invalidation,-21.339306284889826,1
NEAR,2025-01-17 04:00:00+00:00,5.411990642547607,-1.0,4.577924976348877,5.514513624055045,3279.5411240025915,2.0,0.9089551568031311,0.9089551568031311,False,8.14,2025-01-22 08:00:00+00:00,2025-01-17 08:00:00+00:00,5.410299301147461,mss_invalidation,-3.2384897015784193,1
NEAR,2025-01-17 08:00:00+00:00,5.591366291046143,-1.0,4.734760927200317,5.696659842184611,8194.804697879506,5.0,0.9694353938102722,0.9694353938102722,False,8.14,2025-01-22 12:00:00+00:00,2025-01-17 20:00:00+00:00,5.598045825958252,mss_invalidation,-20.44288985944381,1
NEAR,2025-01-17 20:00:00+00:00,5.753044128417969,-1.0,4.995399610519409,5.707306575775147,3267.7004342220803,2.0,0.8848444223403931,0.8848444223403931,True,8.14,2025-01-23 00:00:00+00:00,2025-01-19 08:00:00+00:00,4.995399610519409,tp,427.0706152226596,1
DOT,2025-01-19 20:00:00+00:00,6.232100963592529,-1.0,4.759923610687256,6.413060350418091,1740.617870916705,1.0,0.8036070466041565,0.8036070466041565,False,8.14,2025-01-25 00:00:00+00:00,2025-01-20 04:00:00+00:00,6.413060350418091,sl,-52.804529763709354,1
ICP,2025-01-22 20:00:00+00:00,9.090999603271484,-1.0,7.85608880860465,9.03236517906189,1295.5625538568333,1.0,0.843848705291748,0.843848705291748,True,3.75,2025-01-28 00:00:00+00:00,2025-01-28 00:00:00+00:00,8.950233459472656,time,18.765085638335353,1
AVAX,2025-01-28 20:00:00+00:00,32.16805648803711,-1.0,26.2226441116333,32.89886393860408,3464.216019770723,2.0,0.9164853692054749,0.9164853692054749,False,8.14,2025-02-03 00:00:00+00:00,2025-01-29 04:00:00+00:00,32.89886393860408,sl,-83.2049988537929,1
UNI,2025-01-31 12:00:00+00:00,12.552838325500488,-1.0,10.805702239990234,12.767595517703466,5133.92028051574,3.0,0.9216647148132324,0.9216647148132324,False,8.14,2025-02-05 16:00:00+00:00,2025-01-31 16:00:00+00:00,12.01467514038086,time,214.9666512930014,1
LINK,2025-02-24 00:00:00+00:00,16.88129425048828,-1.0,15.219930465698242,16.73583254814148,2500.0,2.0,0.8596748113632202,0.8596748113632202,True,8.14,2025-03-01 04:00:00+00:00,2025-02-24 20:00:00+00:00,15.219930465698242,tp,243.5361984303995,2
OP,2025-02-24 12:00:00+00:00,1.0653016567230225,-1.0,0.9080421738624573,1.0527913272380829,1250.0,1.0,0.797966480255127,0.797966480255127,True,8.14,2025-03-01 16:00:00+00:00,2025-02-25 16:00:00+00:00,1.0527913272380829,sl,13.054327453857807,2
AVAX,2025-02-24 20:00:00+00:00,21.874223709106445,-1.0,18.26229663848877,22.318200181552342,1310.8840496076,1.0,0.8151876926422119,0.8151876926422119,False,8.14,2025-03-02 00:00:00+00:00,2025-02-27 00:00:00+00:00,22.318200181552342,sl,-28.3108843820466,2
APT,2025-03-01 08:00:00+00:00,6.523926258087158,-1.0,5.331659727096557,6.670479130915233,2614.1398207511056,2.0,0.9103884696960449,0.9103884696960449,False,8.14,2025-03-06 12:00:00+00:00,2025-03-02 16:00:00+00:00,6.327054023742676,mss_invalidation,75.48840006354855,2
ADA,2025-03-02 12:00:00+00:00,0.8641825914382935,-1.0,0.6859667553901673,0.8860888029081481,1307.0699103755528,1.0,0.8201113939285278,0.8201113939285278,False,8.14,2025-03-07 16:00:00+00:00,2025-03-02 16:00:00+00:00,0.8567308783531189,mss_invalidation,9.57147118593964,2
ADA,2025-03-02 16:00:00+00:00,1.0413737297058105,-1.0,0.7609399886131287,1.0758445206965719,2656.66975637585,2.0,0.8820076584815979,0.8820076584815979,False,8.14,2025-03-07 20:00:00+00:00,2025-03-02 20:00:00+00:00,1.0758445206965719,sl,-91.39280846946987,2
AVAX,2025-03-02 20:00:00+00:00,24.939231872558594,-1.0,21.26429635620117,24.73747444152832,3916.4600282116726,3.0,0.9427345991134644,0.9427345991134644,True,8.14,2025-03-08 00:00:00+00:00,2025-03-03 16:00:00+00:00,21.26429635620117,tp,573.1958636238268,2
SUI,2025-03-02 16:00:00+00:00,3.1907615661621094,-1.0,2.6202266359329225,3.1585700035095217,2656.66975637585,2.0,0.8574986457824707,0.8574986457824707,True,8.14,2025-03-07 20:00:00+00:00,2025-03-03 20:00:00+00:00,2.6202266359329225,tp,472.37816524040454,2
APT,2025-03-02 16:00:00+00:00,6.683122634887695,-1.0,5.598391901016235,6.611753296852112,2656.66975637585,2.0,0.9032895565032959,0.9032895565032959,True,8.14,2025-03-07 20:00:00+00:00,2025-03-04 00:00:00+00:00,5.598391901016235,tp,428.544655121918,2
TRX,2025-03-02 16:00:00+00:00,0.24421092867851257,-1.0,0.22541962885856628,0.24325172528624533,2656.66975637585,2.0,0.8765053749084473,0.8765053749084473,True,8.14,2025-03-07 20:00:00+00:00,2025-03-05 16:00:00+00:00,0.24325172528624533,sl,6.981106565374753,2
TRX,2025-03-08 04:00:00+00:00,0.24882818758487701,-1.0,0.231879978954792,0.2478446051478386,1675.7616237084385,1.0,0.8095120787620544,0.8095120787620544,True,8.14,2025-03-13 08:00:00+00:00,2025-03-10 00:00:00+00:00,0.231879978954792,tp,112.46386977642297,2
OP,2025-03-09 12:00:00+00:00,0.8763919472694397,-1.0,0.7502480709552765,0.8918974965597902,1675.7616237084385,1.0,0.8442039489746094,0.8442039489746094,False,8.14,2025-03-14 16:00:00+00:00,2025-03-10 08:00:00+00:00,0.8918974965597902,sl,-31.82687350394288,2
ADA,2025-03-09 16:00:00+00:00,0.7313871383666992,-1.0,0.5702890594005585,0.7511892427333764,1675.7616237084385,1.0,0.8082582950592041,0.8082582950592041,False,8.14,2025-03-14 20:00:00+00:00,2025-03-10 08:00:00+00:00,0.7511892427333764,sl,-47.549272321253376,2
SUI,2025-03-10 16:00:00+00:00,2.130460023880005,-1.0,1.5991158895492554,2.1957726090465273,1684.0335546962451,1.0,0.7930058836936951,0.7930058836936951,False,8.14,2025-03-15 20:00:00+00:00,2025-03-11 08:00:00+00:00,2.1957726090465273,sl,-53.81592693434944,2
OP,2025-03-10 16:00:00+00:00,0.8215439915657043,-1.0,0.6434773890972137,0.8434318593101842,1684.0335546962451,1.0,0.828215479850769,0.828215479850769,False,8.14,2025-03-15 20:00:00+00:00,2025-03-11 12:00:00+00:00,0.8434318593101842,sl,-47.05586561685457,2
LINK,2025-03-10 12:00:00+00:00,13.543039321899414,-1.0,10.97818003463745,13.858310687133244,1684.0335546962451,1.0,0.8168025016784668,0.8168025016784668,False,8.14,2025-03-15 16:00:00+00:00,2025-03-14 08:00:00+00:00,13.858310687133244,sl,-41.392227919477676,2
ATOM,2025-03-15 00:00:00+00:00,4.36359977722168,-1.0,3.8559944152832033,4.425994403021676,4945.402648735724,3.0,0.9403515458106995,0.9403515458106995,False,8.14,2025-03-20 04:00:00+00:00,2025-03-15 04:00:00+00:00,4.363306522369385,mss_invalidation,-6.096668645177104,2
ATOM,2025-03-15 08:00:00+00:00,4.457763195037842,-1.0,3.9242264051437377,4.52334530045305,3293.886764834561,2.0,0.8690035939216614,0.8690035939216614,False,8.14,2025-03-20 12:00:00+00:00,2025-03-15 12:00:00+00:00,4.457913875579834,mss_invalidation,-4.393392186098889,2
ATOM,2025-03-15 12:00:00+00:00,4.543710231781006,-1.0,3.986050203323364,4.6122575549738745,8229.22517185378,5.0,0.9870278835296631,0.9870278835296631,False,8.14,2025-03-20 16:00:00+00:00,2025-03-15 16:00:00+00:00,4.543212413787842,mss_invalidation,-9.796382332040027,2
ATOM,2025-03-15 16:00:00+00:00,4.7038960456848145,-1.0,4.1211724376678465,4.7755241729531965,8216.979693938729,5.0,0.9757698178291321,0.9757698178291321,False,8.14,2025-03-20 20:00:00+00:00,2025-03-18 04:00:00+00:00,4.6562371253967285,mss_invalidation,72.57069738577123,2
TRX,2025-03-18 16:00:00+00:00,0.230428084731102,-1.0,0.21477371060848235,0.23235231345040458,1661.5386131341886,1.0,0.8233214020729065,0.8233214020729065,False,8.14,2025-03-23 20:00:00+00:00,2025-03-18 20:00:00+00:00,0.23039740324020386,mss_invalidation,-1.9387663926305931,2
UNI,2025-03-19 08:00:00+00:00,6.630810260772705,-1.0,5.84914142036438,6.726892647709166,3322.1078430720618,2.0,0.8575291037559509,0.8575291037559509,False,8.14,2025-03-24 12:00:00+00:00,2025-03-19 12:00:00+00:00,6.631664276123047,mss_invalidation,-4.746611147189289,2
TRX,2025-03-18 20:00:00+00:00,0.23687347769737244,-1.0,0.2186855707168579,0.2391091271511146,3322.1078430720618,2.0,0.9076894521713257,0.9076894521713257,False,8.14,2025-03-24 00:00:00+00:00,2025-03-24 00:00:00+00:00,0.22687290608882904,time,136.9341069890131,2
TRX,2025-03-24 00:00:00+00:00,0.22687290608882904,-1.0,0.2106211678981781,0.22887056253424712,3388.2015909929737,2.0,0.8607953190803528,0.8607953190803528,False,8.14,2025-03-29 04:00:00+00:00,2025-03-24 08:00:00+00:00,0.22887056253424712,sl,-34.238382027662304,2
ATOM,2025-03-22 16:00:00+00:00,5.0144147872924805,-1.0,4.397235780715943,5.090278156859534,3319.734537498467,2.0,0.8929207921028137,0.8929207921028137,False,8.14,2025-03-27 20:00:00+00:00,2025-03-27 20:00:00+00:00,4.811669826507568,time,130.90519043821573,2
SUI,2025-03-31 08:00:00+00:00,2.229647397994995,-1.0,1.7734014711380004,2.285728944829532,3436.5349951982503,2.0,0.886126697063446,0.886126697063446,False,8.14,2025-04-05 12:00:00+00:00,2025-03-31 12:00:00+00:00,2.285728944829532,sl,-90.90546701115761,2
LINK,2025-03-29 04:00:00+00:00,13.89516544342041,-1.0,11.943545612335205,14.135057686873845,1718.2674975991251,1.0,0.8140254020690918,0.8140254020690918,False,8.14,2025-04-03 08:00:00+00:00,2025-04-01 12:00:00+00:00,14.135057686873845,sl,-31.89867304270224,2
OP,2025-04-03 08:00:00+00:00,0.6748706102371216,-1.0,0.5443443205356597,0.690914843836001,3375.1329251713205,2.0,0.9161852598190308,0.9161852598190308,False,8.14,2025-04-08 12:00:00+00:00,2025-04-03 20:00:00+00:00,0.690914843836001,sl,-84.62738135913959,2
APT,2025-04-04 08:00:00+00:00,4.762866973876953,-1.0,3.82201086807251,4.8785165888241355,3332.8192344917506,2.0,0.9024477005004883,0.9024477005004883,False,8.14,2025-04-09 12:00:00+00:00,2025-04-04 20:00:00+00:00,4.8785165888241355,sl,-85.25855759675188,2
TRX,2025-03-31 16:00:00+00:00,0.23910580575466156,-1.0,0.22523099970817567,0.24081129075586796,5086.623392539008,3.0,0.930696427822113,0.930696427822113,False,8.14,2025-04-05 20:00:00+00:00,2025-04-05 20:00:00+00:00,0.2374226152896881,time,30.720771439259803,2
AVAX,2025-04-06 00:00:00+00:00,17.38176155090332,-1.0,15.107271469116212,17.199133920669556,4958.325512119507,3.0,0.9386213421821594,0.9386213421821594,True,8.14,2025-04-11 04:00:00+00:00,2025-04-07 04:00:00+00:00,15.107271469116212,tp,643.8632663938927,2
APT,2025-04-06 12:00:00+00:00,4.655439853668213,-1.0,4.023807905197144,4.606045174598694,4958.325512119507,3.0,0.9293804168701172,0.9293804168701172,True,8.14,2025-04-11 16:00:00+00:00,2025-04-07 04:00:00+00:00,4.023807905197144,tp,667.7679694922406,2
FIL,2025-04-07 04:00:00+00:00,2.2086100578308105,-1.0,1.774952844619751,2.2619150100094934,5942.048939034106,3.0,0.9266623258590698,0.9266623258590698,False,8.14,2025-04-12 08:00:00+00:00,2025-04-07 08:00:00+00:00,2.2619150100094934,sl,-151.1364141086024,2
AVAX,2025-04-07 04:00:00+00:00,14.856781959533691,-1.0,12.014871280670166,15.206108358860016,3961.365959356071,2.0,0.8892389535903931,0.8892389535903931,False,8.14,2025-04-12 08:00:00+00:00,2025-04-07 08:00:00+00:00,15.206108358860016,sl,-98.29307627919552,2
TRX,2025-04-07 00:00:00+00:00,0.22625501453876495,-1.0,0.21179819875955583,0.22803203991800547,1652.7751707065022,1.0,0.803819477558136,0.803819477558136,False,8.14,2025-04-12 04:00:00+00:00,2025-04-07 20:00:00+00:00,0.22803203991800547,sl,-15.129639017562162,2
AVAX,2025-04-11 12:00:00+00:00,19.20369529724121,-1.0,15.860584144592284,19.614629036358423,5743.629591980087,3.0,0.9594346880912781,0.9594346880912781,False,8.14,2025-04-16 16:00:00+00:00,2025-04-12 12:00:00+00:00,19.140962600708008,mss_invalidation,11.295991863815443,2
SUI,2025-04-12 12:00:00+00:00,2.322634696960449,-1.0,1.9908593492507936,2.3634163754497255,5752.101585877948,3.0,0.9269748330116272,0.9269748330116272,False,8.14,2025-04-17 16:00:00+00:00,2025-04-13 00:00:00+00:00,2.346585273742676,mss_invalidation,-66.79233322213666,2
TRX,2025-04-12 04:00:00+00:00,0.24882327020168304,-1.0,0.23153727847337724,0.25094805663291897,5743.629591980087,3.0,0.9384668469429016,0.9384668469429016,False,8.14,2025-04-17 08:00:00+00:00,2025-04-13 12:00:00+00:00,0.25094805663291897,sl,-56.513522706141366,2
LINK,2025-04-12 12:00:00+00:00,13.114442825317383,-1.0,11.397857360839843,13.325444748742239,3834.7343905852986,2.0,0.9073213934898376,0.9073213934898376,False,8.14,2025-04-17 16:00:00+00:00,2025-04-17 16:00:00+00:00,12.473898887634277,time,183.4637958811257,2
TRX,2025-04-18 20:00:00+00:00,0.23989281058311462,-1.0,0.22590108197927475,0.24161266765317746,1932.4066802808613,1.0,0.8227500319480896,0.8227500319480896,False,8.14,2025-04-24 00:00:00+00:00,2025-04-19 00:00:00+00:00,0.24161266765317746,sl,-16.36607988548387,2
OP,2025-04-19 16:00:00+00:00,0.699577808380127,-1.0,0.6417311697006226,0.7066882915326527,3856.630320618981,2.0,0.9078547954559326,0.9078547954559326,False,8.14,2025-04-24 20:00:00+00:00,2025-04-20 00:00:00+00:00,0.7066882915326527,sl,-44.21226836162748,2
DOT,2025-04-19 20:00:00+00:00,3.879317283630371,-1.0,3.6000236310958864,3.913647935441562,9641.575801547453,5.0,0.9722052812576294,0.9722052812576294,False,8.14,2025-04-25 00:00:00+00:00,2025-04-20 00:00:00+00:00,3.8798582553863525,mss_invalidation,-13.878568675438423,2
APT,2025-04-20 12:00:00+00:00,4.972026824951172,-1.0,4.576403472900391,5.020656671796527,9568.962255251121,5.0,0.9701660871505737,0.9701660871505737,False,8.14,2025-04-25 16:00:00+00:00,2025-04-20 16:00:00+00:00,5.020656671796527,sl,-106.03069243760362,2
SUI,2025-04-21 00:00:00+00:00,2.2018585205078125,-1.0,2.00663015460968,2.2258559045961923,3774.5695558816465,2.0,0.8773460388183594,0.8773460388183594,False,8.14,2025-04-26 04:00:00+00:00,2025-04-21 04:00:00+00:00,2.201751470565796,mss_invalidation,-4.723428426606736,2
SUI,2025-04-21 04:00:00+00:00,2.2489914894104004,-1.0,2.0433458976745604,2.2742693542752948,3772.207841668343,2.0,0.9120298624038696,0.9120298624038696,False,8.14,2025-04-26 08:00:00+00:00,2025-04-22 04:00:00+00:00,2.2742693542752948,sl,-47.30214538238897,2
UNI,2025-04-21 00:00:00+00:00,5.412410736083984,-1.0,4.966688711166382,5.467198689562934,5661.85433382247,3.0,0.9561982750892639,0.9561982750892639,False,8.14,2025-04-26 04:00:00+00:00,2025-04-22 12:00:00+00:00,5.420253276824951,mss_invalidation,-15.56439319323615,2
SUI,2025-04-22 08:00:00+00:00,2.3279869556427,-1.0,2.033232340812683,2.3642180620772497,5622.835153465723,3.0,0.9536961913108826,0.9536961913108826,False,8.14,2025-04-27 12:00:00+00:00,2025-04-22 12:00:00+00:00,2.3293302059173584,mss_invalidation,-10.55406593365734,2
SUI,2025-04-22 12:00:00+00:00,2.3855490684509277,-1.0,2.06115647315979,2.425423262289592,3735.497539413702,2.0,0.871090292930603,0.871090292930603,False,8.14,2025-04-27 16:00:00+00:00,2025-04-22 16:00:00+00:00,2.3872625827789307,mss_invalidation,-7.539314647439983,2
FIL,2025-04-20 16:00:00+00:00,2.6693923473358154,-1.0,2.4146930370330812,2.700699873515538,3774.5695558816465,2.0,0.859922468662262,0.859922468662262,False,8.14,2025-04-25 20:00:00+00:00,2025-04-22 20:00:00+00:00,2.700699873515538,sl,-49.17635451079614,2
UNI,2025-04-22 12:00:00+00:00,5.593386650085449,-1.0,4.90916495513916,5.677490877151489,3735.497539413702,2.0,0.9161787629127502,0.9161787629127502,False,8.14,2025-04-27 16:00:00+00:00,2025-04-22 20:00:00+00:00,5.627202987670898,mss_invalidation,-27.440111355252483,2
SUI,2025-04-22 16:00:00+00:00,2.4605252742767334,-1.0,2.1258827362060546,2.5016593865326473,5597.591823134973,3.0,0.9496431350708008,0.9496431350708008,False,8.14,2025-04-27 20:00:00+00:00,2025-04-22 20:00:00+00:00,2.4636056423187256,mss_invalidation,-14.284577498239358,2
NEAR,2025-04-22 20:00:00+00:00,2.403385639190674,-1.0,2.0523286352157593,2.4465374103103366,5529.416040611757,3.0,0.9453510046005249,0.9453510046005249,False,8.14,2025-04-28 00:00:00+00:00,2025-04-23 00:00:00+00:00,2.402621269226074,mss_invalidation,-5.42967182654356,2
SUI,2025-04-22 20:00:00+00:00,2.676706552505493,-1.0,2.23533624458313,2.7309595948628016,1843.138680203919,1.0,0.8160092234611511,0.8160092234611511,False,8.14,2025-04-28 00:00:00+00:00,2025-04-23 00:00:00+00:00,2.6672017574310303,mss_invalidation,4.148774411426577,2
ICP,2025-04-23 00:00:00+00:00,5.2075958251953125,1.0,5.699516023908343,5.076417105538504,2764.2276837752097,2.0,0.8907070755958557,0.8907070755958557,False,3.75,2025-04-28 04:00:00+00:00,2025-04-24 00:00:00+00:00,5.076417105538504,sl,-73.22406267827573,2
ATOM,2025-04-24 12:00:00+00:00,4.5617289543151855,-1.0,4.0166647605896,4.628728003093174,3649.0248803611416,2.0,0.859441339969635,0.859441339969635,False,8.14,2025-04-29 16:00:00+00:00,2025-04-26 04:00:00+00:00,4.628728003093174,sl,-58.33770918961784,2
SUI,2025-05-04 00:00:00+00:00,3.250636100769043,-1.0,2.8243721504211425,3.303032276357923,3619.8560257663326,2.0,0.8533943891525269,0.8533943891525269,False,8.14,2025-05-09 04:00:00+00:00,2025-05-05 04:00:00+00:00,3.303032276357923,sl,-63.053350377808584,2
OP,2025-04-30 12:00:00+00:00,0.7348387837409973,-1.0,0.6376500527858734,0.7313854426145554,5429.784038649499,3.0,0.933022141456604,0.933022141456604,True,8.14,2025-05-05 16:00:00+00:00,2025-05-05 16:00:00+00:00,0.6454522013664246,time,655.0550038981166,2
ARB,2025-05-07 08:00:00+00:00,0.0019410693785175681,-1.0,0.0014947446533478796,0.0019959314156440086,3915.8568525264864,2.0,0.9143573641777039,0.9143573641777039,False,8.14,2025-05-12 12:00:00+00:00,2025-05-08 00:00:00+00:00,0.0019411786925047636,mss_invalidation,-5.31114076351893,2
AVAX,2025-05-04 00:00:00+00:00,20.31871795654297,-1.0,18.120683403015136,20.588899388313294,1809.9280128831663,1.0,0.8150812387466431,0.8150812387466431,False,8.14,2025-05-09 04:00:00+00:00,2025-05-08 04:00:00+00:00,20.588899388313294,sl,-26.419825548549174,2
SUI,2025-05-08 00:00:00+00:00,3.603963851928711,-1.0,2.9662333898544313,3.6823533972842353,1956.6006410723635,1.0,0.8228203058242798,0.8228203058242798,False,8.14,2025-05-13 04:00:00+00:00,2025-05-08 04:00:00+00:00,3.602980613708496,mss_invalidation,-2.0097784394078895,2
ADA,2025-05-08 12:00:00+00:00,0.7321191430091858,-1.0,0.6386964418888093,0.7436026199672904,5848.479720226123,3.0,0.9329120516777039,0.9329120516777039,False,8.14,2025-05-13 16:00:00+00:00,2025-05-08 20:00:00+00:00,0.7394952774047852,mss_invalidation,-66.52672866197173,2
SUI,2025-05-08 12:00:00+00:00,3.8751940727233887,-1.0,3.187223783493042,3.9597590753350937,5848.479720226123,3.0,0.9281726479530334,0.9281726479530334,False,8.14,2025-05-13 16:00:00+00:00,2025-05-08 20:00:00+00:00,3.918659210205078,mss_invalidation,-73.20102216952672,2
TRX,2025-05-08 12:00:00+00:00,0.2540220618247986,-1.0,0.2437536091208458,0.25528425547374145,5848.479720226123,3.0,0.9256718754768372,0.9256718754768372,False,8.14,2025-05-13 16:00:00+00:00,2025-05-08 20:00:00+00:00,0.2546481788158417,mss_invalidation,-22.018435031270034,2
APT,2025-05-08 16:00:00+00:00,5.302845001220703,-1.0,4.691392517089843,5.3780044691903255,1949.4932400753744,1.0,0.8439107537269592,0.8439107537269592,False,8.14,2025-05-13 20:00:00+00:00,2025-05-08 20:00:00+00:00,5.317817687988281,mss_invalidation,-8.038773574809001,2
ADA,2025-05-08 20:00:00+00:00,0.7649503350257874,-1.0,0.6658194801807403,0.7771354557062898,5721.14100064794,3.0,0.9209088087081909,0.9209088087081909,False,8.14,2025-05-14 00:00:00+00:00,2025-05-09 04:00:00+00:00,0.7586303949356079,mss_invalidation,39.82998847606114,2
APT,2025-05-09 00:00:00+00:00,5.587773323059082,-1.0,4.913132242202758,5.670699905293328,1907.04700021598,1.0,0.8247019052505493,0.8247019052505493,False,8.14,2025-05-14 04:00:00+00:00,2025-05-09 04:00:00+00:00,5.553316116333008,mss_invalidation,9.280713347669684,2
TRX,2025-05-08 20:00:00+00:00,0.257020503282547,-1.0,0.24607532405853272,0.25836587985498566,1907.04700021598,1.0,0.8330817818641663,0.8330817818641663,False,8.14,2025-05-14 00:00:00+00:00,2025-05-09 08:00:00+00:00,0.2566845715045929,mss_invalidation,0.013393700766853457,2
ATOM,2025-05-09 04:00:00+00:00,4.720638275146484,-1.0,4.265384357452392,4.776597884654999,5757.974027015738,3.0,0.9275208711624146,0.9275208711624146,False,8.14,2025-05-14 08:00:00+00:00,2025-05-09 08:00:00+00:00,4.721776485443115,mss_invalidation,-8.873692334958939,2
NEAR,2025-05-09 08:00:00+00:00,2.924102306365967,-1.0,2.4628401470184325,2.980800446271896,5751.3288030400945,3.0,0.9376581907272339,0.9376581907272339,False,8.14,2025-05-14 12:00:00+00:00,2025-05-10 04:00:00+00:00,2.980800446271896,sl,-118.99459205828174,2
OP,2025-05-10 12:00:00+00:00,0.7904138565063477,-1.0,0.6419769833087922,0.8086596510793481,3774.7219059975887,2.0,0.8545824885368347,0.8545824885368347,False,8.14,2025-05-15 16:00:00+00:00,2025-05-10 16:00:00+00:00,0.7923882007598877,mss_invalidation,-14.335870581202483,2
SUI,2025-05-08 20:00:00+00:00,4.015919208526611,-1.0,3.3247149438858035,4.100881729960442,5721.14100064794,3.0,0.9374207258224487,0.9374207258224487,False,8.14,2025-05-14 00:00:00+00:00,2025-05-10 20:00:00+00:00,3.9964804649353027,mss_invalidation,20.255253327223496,2
FIL,2025-05-10 16:00:00+00:00,3.124093532562256,-1.0,2.72331387424469,3.1733571902854103,1883.7769853534937,1.0,0.8293880224227905,0.8293880224227905,False,8.14,2025-05-15 20:00:00+00:00,2025-05-10 20:00:00+00:00,3.123950958251953,mss_invalidation,-2.3629401182642633,2
UNI,2025-05-10 20:00:00+00:00,7.487931728363037,-1.0,5.80231671333313,7.695126777887344,9441.250318278668,5.0,0.9765145778656006,0.9765145778656006,False,8.14,2025-05-16 00:00:00+00:00,2025-05-11 04:00:00+00:00,7.050762176513672,time,541.7693269504157,2
FIL,2025-05-10 20:00:00+00:00,3.2447993755340576,-1.0,2.821335918426514,3.2968513157367707,5664.750190967201,3.0,0.960908830165863,0.960908830165863,False,8.14,2025-05-16 00:00:00+00:00,2025-05-11 04:00:00+00:00,3.146291732788086,time,166.30926837686116,2
TRX,2025-05-11 00:00:00+00:00,0.2679513394832611,-1.0,0.2461779465675354,0.27062771527682034,1888.2500636557336,1.0,0.8384829163551331,0.8384829163551331,False,8.14,2025-05-16 04:00:00+00:00,2025-05-11 04:00:00+00:00,0.2607553005218506,time,48.822155240369234,2
SUI,2025-06-05 16:00:00+00:00,3.0013604164123535,-1.0,2.633077186584473,3.046629627568381,6250.0,5.0,0.9820413589477539,0.9820413589477539,False,8.14,2025-06-10 20:00:00+00:00,2025-06-06 08:00:00+00:00,3.046629627568381,sl,-102.39310861435058,3
LINK,2025-06-05 16:00:00+00:00,13.238938331604004,-1.0,11.692932865142822,13.428972637380873,3750.0,3.0,0.9611048698425293,0.9611048698425293,False,8.14,2025-06-10 20:00:00+00:00,2025-06-06 12:00:00+00:00,13.428972637380873,sl,-58.70323220515142,3
ICP,2025-06-08 16:00:00+00:00,5.632237911224365,-1.0,5.166131751877921,5.756532887050084,1814.5888721926867,2.0,0.901882529258728,0.901882529258728,False,3.75,2025-06-13 20:00:00+00:00,2025-06-09 08:00:00+00:00,5.651188373565674,mss_invalidation,-8.4644068574344,3
ICP,2025-06-09 08:00:00+00:00,5.896383285522461,-1.0,5.306565982954843,6.053667899540493,2717.1220794317233,3.0,0.9571065306663513,0.9571065306663513,False,3.75,2025-06-14 12:00:00+00:00,2025-06-10 00:00:00+00:00,6.053667899540493,sl,-76.01084037087465,3
UNI,2025-06-10 00:00:00+00:00,7.094701766967773,-1.0,6.261197574615479,7.197155732359205,3565.8213089641417,3.0,0.9362232685089111,0.9362232685089111,False,8.14,2025-06-15 04:00:00+00:00,2025-06-10 08:00:00+00:00,7.131258964538574,mss_invalidation,-23.00933990176195,3
OP,2025-06-10 08:00:00+00:00,0.6985498070716858,-1.0,0.6091956794261932,0.7095331767840045,3548.56430403782,3.0,0.9372797608375549,0.9372797608375549,False,8.14,2025-06-15 12:00:00+00:00,2025-06-10 16:00:00+00:00,0.7095331767840045,sl,-60.40757130695366,3
ADA,2025-06-09 20:00:00+00:00,0.7053236365318298,-1.0,0.6460229465961457,0.7126128510194165,6038.049065403829,5.0,0.9907066226005554,0.9907066226005554,False,8.14,2025-06-15 00:00:00+00:00,2025-06-10 20:00:00+00:00,0.7126128510194165,sl,-70.25008733525335,3
ADA,2025-06-11 04:00:00+00:00,0.7243847846984863,-1.0,0.646361530303955,0.718886548280716,2300.38070670411,2.0,0.9037336111068726,0.9037336111068726,True,8.14,2025-06-16 08:00:00+00:00,2025-06-13 00:00:00+00:00,0.646361530303955,tp,245.47289238620527,3
APT,2025-06-11 12:00:00+00:00,5.21995735168457,-1.0,4.60819623374939,5.177402043342591,1150.190353352055,1.0,0.794536828994751,0.794536828994751,True,8.14,2025-06-16 16:00:00+00:00,2025-06-13 00:00:00+00:00,4.60819623374939,tp,133.64817848348065,3
FIL,2025-06-13 00:00:00+00:00,2.4074203968048096,-1.0,2.048024091720581,2.451597231115614,3734.9118632084287,3.0,0.9518314003944397,0.9518314003944397,False,8.14,2025-06-18 04:00:00+00:00,2025-06-13 20:00:00+00:00,2.451597231115614,sl,-73.39205760680623,3
SUI,2025-06-14 12:00:00+00:00,2.9217257499694824,-1.0,2.42047793006897,2.9833389095238276,3679.8678200033246,3.0,0.9359137415885925,0.9359137415885925,False,8.14,2025-06-19 16:00:00+00:00,2025-06-15 00:00:00+00:00,2.9833389095238276,sl,-82.38463759691463,3
LINK,2025-06-13 00:00:00+00:00,13.284149169921875,-1.0,10.877299388885499,13.579998076779502,3734.9118632084287,3.0,0.949869692325592,0.949869692325592,False,8.14,2025-06-18 04:00:00+00:00,2025-06-16 04:00:00+00:00,13.579998076779502,sl,-88.03493857275437,3
TRX,2025-06-12 08:00:00+00:00,0.271868497133255,-1.0,0.25187955915927884,0.27432552851736547,2300.38070670411,2.0,0.9048064351081848,0.9048064351081848,False,8.14,2025-06-17 12:00:00+00:00,2025-06-16 12:00:00+00:00,0.27432552851736547,sl,-23.780353439924784,3
ICP,2025-06-17 12:00:00+00:00,5.18336820602417,-1.0,4.606527124132429,5.154168725013733,883.5544681990325,1.0,0.8004800081253052,0.8004800081253052,True,3.75,2025-06-22 16:00:00+00:00,2025-06-22 08:00:00+00:00,4.606527124132429,tp,97.44450078241333,3
ADA,2025-06-18 12:00:00+00:00,0.5969277620315552,-1.0,0.5203158049583435,0.5927842080593109,1178.0726242653766,1.0,0.8255643248558044,0.8255643248558044,True,8.14,2025-06-23 16:00:00+00:00,2025-06-22 20:00:00+00:00,0.5203158049583435,tp,150.02020472202054,3
LINK,2025-06-20 16:00:00+00:00,12.594441413879395,-1.0,11.13308962249756,12.494895458221436,2356.145248530753,2.0,0.8593631386756897,0.8593631386756897,True,8.14,2025-06-25 20:00:00+00:00,2025-06-22 20:00:00+00:00,11.13308962249756,tp,271.0308964269952,3
OP,2025-06-22 12:00:00+00:00,0.47628599405288696,-1.0,0.3853505724668503,0.4874637357145548,6012.1687473049,5.0,0.9970911741256714,0.9970911741256714,False,8.14,2025-06-27 16:00:00+00:00,2025-06-23 00:00:00+00:00,0.4874637357145548,sl,-148.91270217478367,3
APT,2025-06-24 12:00:00+00:00,4.699641704559326,-1.0,3.8541210289001464,4.803572730745588,2540.936698409076,2.0,0.8934988975524902,0.8934988975524902,False,8.14,2025-06-29 16:00:00+00:00,2025-06-24 16:00:00+00:00,4.686221599578857,mss_invalidation,3.952577389871919,3
TRX,2025-06-28 08:00:00+00:00,0.2765267491340637,-1.0,0.2670018305778503,0.2776975478955678,3814.3694806560184,3.0,0.9377000331878662,0.9377000331878662,False,8.14,2025-07-03 12:00:00+00:00,2025-06-30 12:00:00+00:00,0.2776975478955678,sl,-21.108506979437426,3
OP,2025-06-29 20:00:00+00:00,0.609559953212738,-1.0,0.5421347141265869,0.6054919362068176,6357.282467760031,5.0,0.984377384185791,0.984377384185791,True,8.14,2025-07-05 00:00:00+00:00,2025-07-01 12:00:00+00:00,0.5421347141265869,tp,696.8406360761444,3
DOT,2025-07-03 04:00:00+00:00,3.659266233444214,-1.0,3.2843598518371584,3.6411073803901672,2880.779051652366,2.0,0.9022053480148315,0.9022053480148315,True,8.14,2025-07-08 08:00:00+00:00,2025-07-08 08:00:00+00:00,3.3817803859710693,time,215.57160061525195,3
LINK,2025-07-09 04:00:00+00:00,14.151042938232422,-1.0,12.913868911743164,14.303115820475988,1494.2824259799959,1.0,0.8333829045295715,0.8333829045295715,False,8.14,2025-07-14 08:00:00+00:00,2025-07-09 16:00:00+00:00,14.008057594299316,mss_invalidation,13.156001025585427,3
ATOM,2025-07-09 08:00:00+00:00,4.208222389221191,-1.0,3.9149513187408447,4.244271139042718,7471.41212989998,5.0,0.9897816181182861,0.9897816181182861,False,8.14,2025-07-14 12:00:00+00:00,2025-07-09 16:00:00+00:00,4.201822757720947,mss_invalidation,1.6492739286317741,3
UNI,2025-07-09 12:00:00+00:00,8.141897201538086,-1.0,7.221865528106689,8.25498708650044,2988.5648519599918,2.0,0.8801746368408203,0.8801746368408203,False,8.14,2025-07-14 16:00:00+00:00,2025-07-09 16:00:00+00:00,8.143350601196289,mss_invalidation,-4.418619197720268,3
ICP,2025-07-09 16:00:00+00:00,5.114013671875,-1.0,4.759591783796038,5.208526175362723,5613.2965871967,5.0,0.9759103059768677,0.9759103059768677,False,3.75,2025-07-14 20:00:00+00:00,2025-07-09 20:00:00+00:00,5.1183295249938965,mss_invalidation,-12.034496908014003,3
SUI,2025-07-09 20:00:00+00:00,3.080136775970459,-1.0,2.804289468765259,3.1140438045433587,2987.7409313842327,2.0,0.9074519276618958,0.9074519276618958,False,8.14,2025-07-15 00:00:00+00:00,2025-07-10 04:00:00+00:00,3.102854013442993,mss_invalidation,-25.91984447031232,3
LINK,2025-07-09 16:00:00+00:00,14.299959182739258,-1.0,12.937999656677245,14.467370643207005,2993.75817983824,2.0,0.8648173213005066,0.8648173213005066,False,8.14,2025-07-14 20:00:00+00:00,2025-07-10 16:00:00+00:00,14.327874183654785,mss_invalidation,-9.73601156891307,3
NEAR,2025-07-10 04:00:00+00:00,2.37749981880188,-1.0,2.1291329040527343,2.40802896973065,7436.952522872691,5.0,0.9693610072135925,0.9693610072135925,False,8.14,2025-07-15 08:00:00+00:00,2025-07-10 16:00:00+00:00,2.3491828441619873,mss_invalidation,78.90904354498551,3
FIL,2025-07-10 16:00:00+00:00,2.5107176303863525,-1.0,2.2772603216171263,2.5394140991653713,3009.3675251371124,2.0,0.8604823350906372,0.8604823350906372,False,8.14,2025-07-15 20:00:00+00:00,2025-07-10 20:00:00+00:00,2.5109312534332275,mss_invalidation,-4.168228185203019,3
TRX,2025-07-10 20:00:00+00:00,0.29384326934814453,-1.0,0.28671155202388765,0.2947198968763862,7518.2085276112775,5.0,0.9769667983055115,0.9769667983055115,False,8.14,2025-07-16 00:00:00+00:00,2025-07-11 00:00:00+00:00,0.2947198968763862,sl,-32.2028680281492,3
APT,2025-07-10 20:00:00+00:00,4.886229515075684,-1.0,4.396756143569946,4.946395364659173,3007.283411044511,2.0,0.8745928406715393,0.8745928406715393,False,8.14,2025-07-16 00:00:00+00:00,2025-07-11 16:00:00+00:00,4.946395364659173,sl,-40.93919878279491,3
UNI,2025-07-11 04:00:00+00:00,8.652758598327637,1.0,9.36809665314279,8.4311503796644,1495.5909885152182,1.0,0.795082688331604,0.795082688331604,False,3.23,2025-07-16 08:00:00+00:00,2025-07-12 12:00:00+00:00,8.4311503796644,sl,-40.24826706734309,3
TRX,2025-07-11 16:00:00+00:00,0.3016740679740906,1.0,0.30713122365107065,0.302523835003376,1485.3561888195195,1.0,0.786975085735321,0.786975085735321,True,3.23,2025-07-16 20:00:00+00:00,2025-07-12 12:00:00+00:00,0.302523835003376,sl,2.253044961852857,3
ADA,2025-07-11 12:00:00+00:00,0.7394118309020996,-1.0,0.6290532426834107,0.7529770595857075,2991.1819770304364,2.0,0.894770085811615,0.894770085811615,False,8.14,2025-07-16 16:00:00+00:00,2025-07-14 00:00:00+00:00,0.7529770595857075,sl,-58.76467711444279,3
LINK,2025-07-14 00:00:00+00:00,16.145299911499023,-1.0,14.176862190246583,16.387259402547564,4383.498642043608,3.0,0.9448043704032898,0.9448043704032898,False,8.14,2025-07-19 04:00:00+00:00,2025-07-16 08:00:00+00:00,16.387259402547564,sl,-71.39129511794224,3
TRX,2025-07-16 20:00:00+00:00,0.30967283248901367,-1.0,0.29684854292869567,0.31124918846998895,2886.6367804701013,2.0,0.8532038331031799,0.8532038331031799,False,8.14,2025-07-22 00:00:00+00:00,2025-07-17 04:00:00+00:00,0.31124918846998895,sl,-18.4467393943174,3
ICP,2025-07-14 00:00:00+00:00,5.613668918609619,-1.0,5.025014162063599,5.770643520355224,5479.373302554511,5.0,0.9806239008903503,0.9806239008903503,False,3.75,2025-07-19 04:00:00+00:00,2025-07-18 00:00:00+00:00,5.761734485626221,mss_invalidation,-151.64658464251244,3
APT,2025-07-18 00:00:00+00:00,5.410558700561523,-1.0,4.5817068042755125,5.512440807785307,4202.385177677529,3.0,0.9465751051902771,0.9465751051902771,False,8.14,2025-07-23 04:00:00+00:00,2025-07-18 04:00:00+00:00,5.416553497314453,mss_invalidation,-10.119264061227359,3
UNI,2025-07-18 00:00:00+00:00,10.044642448425293,-1.0,7.8610588722229,10.313047572476524,1400.795059225843,1.0,0.844038724899292,0.844038724899292,False,8.14,2025-07-23 04:00:00+00:00,2025-07-18 04:00:00+00:00,10.040351867675781,mss_invalidation,-1.2226823319407911,3
LINK,2025-07-17 20:00:00+00:00,17.99828338623047,1.0,19.395620562089746,18.160229635238647,1438.7067053864712,1.0,0.8005719780921936,0.8005719780921936,True,3.23,2025-07-23 00:00:00+00:00,2025-07-18 12:00:00+00:00,18.160229635238647,sl,11.074979974010727,3
ADA,2025-07-18 00:00:00+00:00,0.8585789799690247,1.0,0.936653244553294,0.834391955971772,4202.385177677529,3.0,0.9290388822555542,0.9290388822555542,False,3.23,2025-07-23 04:00:00+00:00,2025-07-18 12:00:00+00:00,0.834391955971772,sl,-123.84847180290298,3
TRX,2025-07-18 04:00:00+00:00,0.3292573392391205,1.0,0.3398998681789265,0.32596033600471014,1397.959572627551,1.0,0.8068241477012634,0.8068241477012634,False,3.23,2025-07-23 08:00:00+00:00,2025-07-18 12:00:00+00:00,0.32596033600471014,sl,-15.815751377275866,3
ADA,2025-07-21 08:00:00+00:00,0.909419059753418,-1.0,0.796821525812149,0.9232594986515386,4097.436785478027,3.0,0.964775562286377,0.964775562286377,False,8.14,2025-07-26 12:00:00+00:00,2025-07-21 12:00:00+00:00,0.9094976186752319,mss_invalidation,-5.680619294444756,3
ICP,2025-07-18 04:00:00+00:00,6.046638488769531,-1.0,5.266266175678798,6.254737772260394,3145.40903841199,3.0,0.9343165755271912,0.9343165755271912,False,3.75,2025-07-23 08:00:00+00:00,2025-07-23 08:00:00+00:00,5.969082355499268,time,37.198620627931476,3
ADA,2025-07-21 12:00:00+00:00,0.9144702553749084,-1.0,0.7958619503974915,0.9082393556833267,2728.7842140047956,2.0,0.8874998688697815,0.8874998688697815,True,8.14,2025-07-26 16:00:00+00:00,2025-07-23 20:00:00+00:00,0.7958619503974915,tp,351.1990427108318,3
LINK,2025-07-21 08:00:00+00:00,20.1029052734375,-1.0,17.329237045288085,19.969286346435545,2731.624523652018,2.0,0.8977875113487244,0.8977875113487244,True,8.14,2025-07-26 12:00:00+00:00,2025-07-24 04:00:00+00:00,17.329237045288085,tp,374.1601754142689,3
ADA,2025-07-24 04:00:00+00:00,0.787125825881958,-1.0,0.6307949457168579,0.8063419482878276,4665.094700071968,3.0,0.9352898597717285,0.9352898597717285,False,8.14,2025-07-29 08:00:00+00:00,2025-07-24 08:00:00+00:00,0.8063419482878276,sl,-119.95369629748505,3
APT,2025-07-23 12:00:00+00:00,5.103012561798096,-1.0,4.205144174575806,5.213378145456314,2747.3835243187614,2.0,0.8877195715904236,0.8877195715904236,False,8.14,2025-07-28 16:00:00+00:00,2025-07-28 16:00:00+00:00,4.699621677398682,time,214.4320680717821,3
TRX,2025-07-28 08:00:00+00:00,0.32550472021102905,-1.0,0.3132094399929047,0.32701605059845107,7625.215713081423,5.0,0.9851083159446716,0.9851083159446716,False,8.14,2025-08-02 12:00:00+00:00,2025-07-29 00:00:00+00:00,0.32701605059845107,sl,-45.31693742465703,3
TRX,2025-07-29 04:00:00+00:00,0.3289673626422882,-1.0,0.31322956800460816,0.33090184537427764,7836.609626390328,5.0,0.9872762560844421,0.9872762560844421,False,8.14,2025-08-03 08:00:00+00:00,2025-07-29 08:00:00+00:00,0.3289640545845032,mss_invalidation,-10.10878847346085,3
UNI,2025-07-27 20:00:00+00:00,10.986454963684082,-1.0,9.861975692749024,10.919499731063842,3050.086285232569,2.0,0.9072520136833191,0.9072520136833191,True,8.14,2025-08-02 00:00:00+00:00,2025-07-30 08:00:00+00:00,9.861975692749024,tp,309.130577417888,3
APT,2025-07-30 08:00:00+00:00,4.415195941925049,-1.0,3.7697131919860842,4.494538395064218,3284.154745028345,2.0,0.8854628205299377,0.8854628205299377,False,8.14,2025-08-04 12:00:00+00:00,2025-07-31 00:00:00+00:00,4.494538395064218,sl,-63.2866899563094,3
OP,2025-08-02 12:00:00+00:00,0.6276208162307739,-1.0,0.5192549641132355,0.6409410986772606,4878.767100075285,3.0,0.9649068713188171,0.9649068713188171,False,8.14,2025-08-07 16:00:00+00:00,2025-08-03 00:00:00+00:00,0.6409410986772606,sl,-109.88669353612421,3
ADA,2025-08-02 16:00:00+00:00,0.6952256560325623,-1.0,0.5898860015869141,0.7081739596043314,4878.767100075285,3.0,0.9621365666389465,0.9621365666389465,False,8.14,2025-08-07 20:00:00+00:00,2025-08-03 00:00:00+00:00,0.7081739596043314,sl,-97.2075097580736,3
LINK,2025-08-01 20:00:00+00:00,16.102359771728516,-1.0,13.529228862762452,16.418647881031035,1626.2557000250952,1.0,0.8343567848205566,0.8343567848205566,False,8.14,2025-08-07 00:00:00+00:00,2025-08-04 00:00:00+00:00,16.418647881031035,sl,-34.057608266687595,3
LINK,2025-08-07 08:00:00+00:00,17.353954315185547,-1.0,15.38779313659668,17.595633974620274,4697.903241404621,3.0,0.953210175037384,0.953210175037384,False,8.14,2025-08-12 12:00:00+00:00,2025-08-07 12:00:00+00:00,17.354515075683594,mss_invalidation,-6.259078149319884,3
LINK,2025-08-07 12:00:00+00:00,17.80943489074707,-1.0,15.737543746948242,18.064110830579484,3128.805955195088,2.0,0.8983796238899231,0.8983796238899231,False,8.14,2025-08-12 16:00:00+00:00,2025-08-07 16:00:00+00:00,17.809036254882812,mss_invalidation,-3.997414398545616,3
DOT,2025-08-07 08:00:00+00:00,3.7827911376953125,-1.0,3.379068554878235,3.8324165383917945,4697.903241404621,3.0,0.9484505653381348,0.9484505653381348,False,8.14,2025-08-12 12:00:00+00:00,2025-08-07 20:00:00+00:00,3.7782199382781982,mss_invalidation,-0.4302352822365181,3
LINK,2025-08-07 20:00:00+00:00,18.471651077270508,-1.0,16.524080223083494,18.711045622280665,3126.5921303546966,2.0,0.8902637362480164,0.8902637362480164,False,8.14,2025-08-13 00:00:00+00:00,2025-08-08 00:00:00+00:00,18.471776962280273,mss_invalidation,-4.085877614613461,3
DOT,2025-08-07 20:00:00+00:00,3.8633201122283936,-1.0,3.5037523984909056,3.90751801601478,4689.888195532045,3.0,0.9425700902938843,0.9425700902938843,False,8.14,2025-08-13 00:00:00+00:00,2025-08-08 04:00:00+00:00,3.90751801601478,sl,-59.75102288605306,3
LINK,2025-08-08 00:00:00+00:00,19.161008834838867,-1.0,16.879359863281252,19.44146811376299,1562.274595773695,1.0,0.8188539743423462,0.8188539743423462,False,8.14,2025-08-13 04:00:00+00:00,2025-08-08 04:00:00+00:00,19.183502197265625,mss_invalidation,-3.8649318448143375,3
UNI,2025-08-08 04:00:00+00:00,10.611666679382324,-1.0,9.402268123626708,10.760325413090841,7731.853035454891,5.0,0.9902355074882507,0.9902355074882507,False,8.14,2025-08-13 08:00:00+00:00,2025-08-08 16:00:00+00:00,10.605656623840332,mss_invalidation,-5.6723733440882995,3
LINK,2025-08-08 04:00:00+00:00,19.34326934814453,-1.0,16.933061332702636,19.639531047684805,3092.7412141819564,2.0,0.8686281442642212,0.8686281442642212,False,8.14,2025-08-13 08:00:00+00:00,2025-08-08 16:00:00+00:00,19.639531047684805,sl,-51.38901778649872,3
UNI,2025-08-08 16:00:00+00:00,11.02399730682373,-1.0,9.7545528755188,11.180036852904728,4596.315777924994,3.0,0.9559729099273682,0.9559729099273682,False,8.14,2025-08-13 20:00:00+00:00,2025-08-09 04:00:00+00:00,11.036385536193848,mss_invalidation,-11.140325535339926,3
APT,2025-08-08 04:00:00+00:00,4.6561598777771,1.0,4.8817242845429,4.688387107849121,3092.7412141819564,2.0,0.8814384341239929,0.8814384341239929,True,3.23,2025-08-13 08:00:00+00:00,2025-08-10 08:00:00+00:00,4.688387107849121,sl,17.38559198301065,3
TRX,2025-08-11 12:00:00+00:00,0.34418851137161255,-1.0,0.33108268678188324,0.3457994735134499,7668.332879601245,5.0,0.9829607009887695,0.9829607009887695,False,8.14,2025-08-16 16:00:00+00:00,2025-08-12 00:00:00+00:00,0.3457994735134499,sl,-45.86019329707854,3
ADA,2025-08-12 16:00:00+00:00,0.846822202205658,-1.0,0.7303582735061646,0.8611378966314452,4566.604582787938,3.0,0.9504296183586121,0.9504296183586121,False,8.14,2025-08-17 20:00:00+00:00,2025-08-13 08:00:00+00:00,0.8568766713142395,mss_invalidation,-60.15668622088765,3
AVAX,2025-08-13 00:00:00+00:00,24.981037139892578,-1.0,21.574567848205568,25.399758833340236,4566.604582787938,3.0,0.9366040229797363,0.9366040229797363,False,8.14,2025-08-18 04:00:00+00:00,2025-08-13 20:00:00+00:00,25.34332275390625,mss_invalidation,-72.16342577889885,3
TRX,2025-08-14 00:00:00+00:00,0.36441677808761597,-1.0,0.3484514249563217,0.36637923220864366,4467.364498788098,3.0,0.953965961933136,0.953965961933136,False,8.14,2025-08-19 04:00:00+00:00,2025-08-14 04:00:00+00:00,0.36443352699279785,mss_invalidation,-6.012897721808673,3
TRX,2025-08-14 04:00:00+00:00,0.3666776120662689,-1.0,0.350630385518074,0.3656124874949455,2975.236550331161,2.0,0.8681648969650269,0.8681648969650269,True,8.14,2025-08-19 08:00:00+00:00,2025-08-15 12:00:00+00:00,0.350630385518074,tp,127.23259012495902,3
LINK,2025-08-13 00:00:00+00:00,24.48801040649414,-1.0,19.82870711517334,25.060729899133953,1522.2015275959793,1.0,0.847693920135498,0.847693920135498,False,8.14,2025-08-18 04:00:00+00:00,2025-08-17 12:00:00+00:00,24.673383712768555,mss_invalidation,-13.50186958438504,3
UNI,2025-08-13 08:00:00+00:00,12.150863647460938,-1.0,9.74401661682129,12.095480918884277,3014.324712081515,2.0,0.8897193670272827,0.8897193670272827,True,8.14,2025-08-18 12:00:00+00:00,2025-08-18 12:00:00+00:00,10.471214294433594,time,413.66457971460295,3
AVAX,2025-08-14 00:00:00+00:00,25.947214126586914,-1.0,22.833856185913085,25.78907642364502,4467.364498788098,3.0,0.9209448099136353,0.9209448099136353,True,8.14,2025-08-19 04:00:00+00:00,2025-08-18 16:00:00+00:00,23.859317779541016,time,355.00837622764504,3
LINK,2025-08-17 12:00:00+00:00,26.191146850585938,-1.0,21.957174339294433,26.711584872518266,1516.0509553007241,1.0,0.8147810101509094,0.8147810101509094,False,8.14,2025-08-22 16:00:00+00:00,2025-08-18 16:00:00+00:00,25.505163192749023,time,38.19149548079864,3
AVAX,2025-09-10 04:00:00+00:00,26.94230079650879,-1.0,24.135520935058594,27.287308931350708,3750.0,3.0,0.9483787417411804,0.9483787417411804,False,8.14,2025-09-15 08:00:00+00:00,2025-09-10 12:00:00+00:00,26.890146255493164,mss_invalidation,2.384199215604376,4
TRX,2025-09-11 00:00:00+00:00,0.3426874279975891,-1.0,0.329797460436821,0.34427185708922997,6252.980249019505,5.0,0.9839839935302734,0.9839839935302734,False,8.14,2025-09-16 04:00:00+00:00,2025-09-11 04:00:00+00:00,0.3427298069000244,mss_invalidation,-8.902157549933868,4
TRX,2025-09-11 04:00:00+00:00,0.3451138436794281,-1.0,0.3317031670808792,0.34676227809488774,6241.852552082088,5.0,0.9848982691764832,0.9848982691764832,False,8.14,2025-09-16 08:00:00+00:00,2025-09-11 08:00:00+00:00,0.34511303901672363,mss_invalidation,-8.099854899907244,4
TRX,2025-09-11 08:00:00+00:00,0.346940815448761,-1.0,0.33296783006191255,0.34865836861091,3739.0366400743223,3.0,0.9337121248245239,0.9337121248245239,False,8.14,2025-09-16 12:00:00+00:00,2025-09-12 00:00:00+00:00,0.34865836861091,sl,-23.371092678250676,4
ATOM,2025-09-10 12:00:00+00:00,4.691584587097168,-1.0,4.295377365112305,4.740286202975682,3751.7881494117028,3.0,0.9477417469024658,0.9477417469024658,False,8.14,2025-09-15 16:00:00+00:00,2025-09-12 16:00:00+00:00,4.740286202975682,sl,-43.82325894075045,4
FIL,2025-09-13 00:00:00+00:00,2.5886390209198,-1.0,2.382645700454712,2.6139596284457616,3688.6408763600716,3.0,0.9566856026649475,0.9566856026649475,False,8.14,2025-09-18 04:00:00+00:00,2025-09-13 08:00:00+00:00,2.5685763359069824,mss_invalidation,23.79277756047,4
UNI,2025-09-13 00:00:00+00:00,10.267369270324707,-1.0,9.422286693572998,10.219293308258056,3688.6408763600716,3.0,0.9642942547798157,0.9642942547798157,True,8.14,2025-09-18 04:00:00+00:00,2025-09-14 12:00:00+00:00,9.422286693572998,tp,299.9145562459608,4
ICP,2025-09-13 08:00:00+00:00,5.132783889770508,-1.0,4.81727717603956,5.114934253692627,4633.106824413031,5.0,0.9722803235054016,0.9722803235054016,True,3.75,2025-09-18 12:00:00+00:00,2025-09-15 00:00:00+00:00,4.81727717603956,tp,280.158994290201,4
APT,2025-09-13 08:00:00+00:00,4.726994037628174,-1.0,4.4123400077819825,4.708910846710205,1235.4951531768081,1.0,0.8193625211715698,0.8193625211715698,True,8.14,2025-09-18 12:00:00+00:00,2025-09-15 08:00:00+00:00,4.4123400077819825,tp,81.00567665874742,4
FIL,2025-09-15 12:00:00+00:00,2.3907246589660645,-1.0,2.1085951509475707,2.425403892874718,2801.529919951071,2.0,0.8887505531311035,0.8887505531311035,False,8.14,2025-09-20 16:00:00+00:00,2025-09-16 08:00:00+00:00,2.425403892874718,sl,-44.28025772865582,4
LINK,2025-09-12 16:00:00+00:00,25.151657104492188,-1.0,22.904213638305663,25.025129508972167,1229.5469587866905,1.0,0.8372811675071716,0.8372811675071716,True,8.14,2025-09-17 20:00:00+00:00,2025-09-17 12:00:00+00:00,22.904213638305663,tp,108.63745971255969,4
UNI,2025-09-15 04:00:00+00:00,9.278258323669434,-1.0,8.179179359436034,9.413356622150966,2761.027081621697,2.0,0.8902613520622253,0.8902613520622253,False,8.14,2025-09-20 08:00:00+00:00,2025-09-17 20:00:00+00:00,9.413356622150966,sl,-43.7919301087473,4
ICP,2025-09-15 04:00:00+00:00,4.773828983306885,-1.0,4.41614966733115,4.8692101342337475,1035.3851556081363,1.0,0.833739161491394,0.833739161491394,False,3.75,2025-09-20 08:00:00+00:00,2025-09-18 00:00:00+00:00,4.8692101342337475,sl,-22.03300648733723,4
NEAR,2025-09-18 04:00:00+00:00,2.917675018310547,-1.0,2.587783495903015,2.9582251378297806,4201.194078967471,3.0,0.958757221698761,0.958757221698761,False,8.14,2025-09-23 08:00:00+00:00,2025-09-18 12:00:00+00:00,2.913360834121704,mss_invalidation,0.7504915185339635,4
AVAX,2025-09-18 00:00:00+00:00,32.90229034423828,-1.0,28.38434172821045,33.45763458292825,4201.194078967471,3.0,0.9423226714134216,0.9423226714134216,False,8.14,2025-09-23 04:00:00+00:00,2025-09-18 16:00:00+00:00,33.1673469543457,mss_invalidation,-39.30583029437179,4
AVAX,2025-09-18 16:00:00+00:00,34.74375915527344,-1.0,30.24294551086426,35.29699717085702,2781.5183832570615,2.0,0.8682986497879028,0.8682986497879028,False,8.14,2025-09-23 20:00:00+00:00,2025-09-18 20:00:00+00:00,34.74721908569336,mss_invalidation,-3.892969258027949,4
SUI,2025-09-18 12:00:00+00:00,3.9641783237457275,-1.0,3.554506338119507,3.942481553554535,1400.5856492021237,1.0,0.8195211887359619,0.8195211887359619,True,8.14,2025-09-23 16:00:00+00:00,2025-09-22 00:00:00+00:00,3.554506338119507,tp,143.3408101934706,4
AVAX,2025-09-18 20:00:00+00:00,35.277992248535156,-1.0,30.825472427368165,35.08248996734619,4169.357847942071,3.0,0.952399730682373,0.952399730682373,True,8.14,2025-09-24 00:00:00+00:00,2025-09-22 04:00:00+00:00,30.825472427368165,tp,522.0552733247988,4
ICP,2025-09-22 00:00:00+00:00,4.5598859786987305,-1.0,4.270216907773699,4.532429790496826,5346.079319483968,5.0,0.9921007752418518,0.9921007752418518,True,3.75,2025-09-27 04:00:00+00:00,2025-09-22 16:00:00+00:00,4.270216907773699,tp,334.2663225696464,4
APT,2025-09-22 16:00:00+00:00,4.204229831695557,-1.0,3.6999628620147704,4.26621410380091,3279.403101672005,2.0,0.8955551981925964,0.8955551981925964,False,8.14,2025-09-27 20:00:00+00:00,2025-09-22 20:00:00+00:00,4.26621410380091,sl,-52.61248711591845,4
NEAR,2025-09-18 16:00:00+00:00,3.190732717514038,-1.0,2.7671916599273683,3.1674307942390443,1390.7591916285307,1.0,0.7894095778465271,0.7894095778465271,True,8.14,2025-09-23 20:00:00+00:00,2025-09-23 20:00:00+00:00,2.923042058944702,time,115.2887865048407,4
UNI,2025-09-24 00:00:00+00:00,7.944781303405762,-1.0,6.7949427852630615,8.086118943725314,8276.853128416165,5.0,0.9881970286369324,0.9881970286369324,False,8.14,2025-09-29 04:00:00+00:00,2025-09-24 04:00:00+00:00,8.086118943725314,sl,-158.00510635643232,4
ATOM,2025-09-22 04:00:00+00:00,4.168392181396484,-1.0,3.8126806221008303,4.21211608839035,7780.674850967955,5.0,0.9987291693687439,0.9987291693687439,False,8.14,2025-09-27 08:00:00+00:00,2025-09-24 08:00:00+00:00,4.21211608839035,sl,-91.7294396431591,4
LINK,2025-09-25 08:00:00+00:00,20.74947738647461,-1.0,18.814974060058596,20.987265676770892,1592.9369891833353,1.0,0.8475311994552612,0.8475311994552612,False,8.14,2025-09-30 12:00:00+00:00,2025-09-26 20:00:00+00:00,20.987265676770892,sl,-20.325820665160894,4
NEAR,2025-09-26 04:00:00+00:00,2.6844635009765625,-1.0,2.205402443885803,2.74334947349344,1592.9369891833353,1.0,0.8322242498397827,0.8322242498397827,False,8.14,2025-10-01 08:00:00+00:00,2025-09-26 20:00:00+00:00,2.74334947349344,sl,-37.01323534437517,4
APT,2025-09-25 00:00:00+00:00,4.17279577255249,-1.0,3.7711553382873535,4.222165236473083,4778.810967550005,3.0,0.9654123783111572,0.9654123783111572,False,8.14,2025-09-30 04:00:00+00:00,2025-09-27 20:00:00+00:00,4.222165236473083,sl,-62.751846192033284,4
UNI,2025-09-25 00:00:00+00:00,7.7833638191223145,-1.0,6.943318201065064,7.886621853658131,7964.684945916677,5.0,0.9911192059516907,0.9911192059516907,False,8.14,2025-09-30 04:00:00+00:00,2025-09-30 04:00:00+00:00,7.598575115203857,time,181.12885384753955,4
NEAR,2025-09-30 12:00:00+00:00,2.589350461959839,-1.0,2.247216432571411,2.6314054250035968,4824.589431284483,3.0,0.9513814449310303,0.9513814449310303,False,8.14,2025-10-05 16:00:00+00:00,2025-10-01 04:00:00+00:00,2.6314054250035968,sl,-84.63058677757103,4
APT,2025-10-01 08:00:00+00:00,4.613966941833496,-1.0,4.1723656005859375,4.668248382704599,4761.116491201305,3.0,0.966677725315094,0.966677725315094,False,8.14,2025-10-06 12:00:00+00:00,2025-10-01 12:00:00+00:00,4.612046241760254,mss_invalidation,-4.2074960174136145,4
LINK,2025-10-01 08:00:00+00:00,22.213605880737305,-1.0,19.898637817382813,22.498160727637156,3174.07766080087,2.0,0.866775631904602,0.866775631904602,False,8.14,2025-10-06 12:00:00+00:00,2025-10-01 16:00:00+00:00,22.498160727637156,sl,-44.78602940054763,4
SUI,2025-10-01 12:00:00+00:00,3.4820969104766846,-1.0,3.0767156419754027,3.5319261960812978,4757.960869188245,3.0,0.950710654258728,0.950710654258728,False,8.14,2025-10-06 16:00:00+00:00,2025-10-01 16:00:00+00:00,3.4842848777770996,mss_invalidation,-9.175002510100953,4
ICP,2025-10-01 16:00:00+00:00,4.457033634185791,-1.0,4.120906710624695,4.54666748046875,5896.862619069073,5.0,0.9680100679397583,0.9680100679397583,False,3.75,2025-10-06 20:00:00+00:00,2025-10-01 20:00:00+00:00,4.454517841339111,mss_invalidation,-4.337410558221565,4
UNI,2025-10-01 16:00:00+00:00,8.056026458740234,-1.0,7.213470317840576,8.159593085629599,4717.490095255259,3.0,0.9332228899002075,0.9332228899002075,False,8.14,2025-10-06 20:00:00+00:00,2025-10-02 00:00:00+00:00,8.062433242797852,mss_invalidation,-9.884455230648316,4
APT,2025-10-01 20:00:00+00:00,4.867983818054199,-1.0,4.374696432113647,4.92861848459925,4714.237037336592,3.0,0.9374449253082275,0.9374449253082275,False,8.14,2025-10-07 00:00:00+00:00,2025-10-02 00:00:00+00:00,4.872220516204834,mss_invalidation,-10.23139757550392,4
APT,2025-10-02 00:00:00+00:00,4.902159214019775,-1.0,4.396580698013306,4.96430470081738,7831.916912886631,5.0,0.9869754314422607,0.9869754314422607,False,8.14,2025-10-07 04:00:00+00:00,2025-10-02 08:00:00+00:00,4.86077356338501,mss_invalidation,55.93814285298407,4
TRX,2025-10-01 16:00:00+00:00,0.342216819524765,-1.0,0.33115401172637937,0.3435766549493585,4717.490095255259,3.0,0.9656834006309509,0.9656834006309509,False,8.14,2025-10-06 20:00:00+00:00,2025-10-02 16:00:00+00:00,0.3435766549493585,sl,-24.87819257983653,4
NEAR,2025-10-02 16:00:00+00:00,2.9535672664642334,-1.0,2.5890423555374147,2.9983745067289895,4722.445110436839,3.0,0.926433801651001,0.926433801651001,False,8.14,2025-10-07 20:00:00+00:00,2025-10-03 12:00:00+00:00,2.924072742462158,mss_invalidation,41.01948005358242,4
ICP,2025-10-02 16:00:00+00:00,4.58729362487793,-1.0,4.231404951640537,4.682197271074568,1180.6112776092098,1.0,0.8390594720840454,0.8390594720840454,False,3.75,2025-10-07 20:00:00+00:00,2025-10-03 16:00:00+00:00,4.616819858551025,mss_invalidation,-9.133829584388767,4
NEAR,2025-10-03 12:00:00+00:00,3.0152695178985596,-1.0,2.6419283084869387,3.0611604536601473,3168.8064803180173,2.0,0.9164989590644836,0.9164989590644836,False,8.14,2025-10-08 16:00:00+00:00,2025-10-03 16:00:00+00:00,3.0337159633636475,mss_invalidation,-23.505183457924254,4
NEAR,2025-10-03 16:00:00+00:00,3.0411617755889893,-1.0,2.6988330574035646,3.0832406696932657,1576.2434868984303,1.0,0.7935360670089722,0.7935360670089722,False,8.14,2025-10-08 20:00:00+00:00,2025-10-05 04:00:00+00:00,3.0131995677948,mss_invalidation,12.443781631371056,4
ATOM,2025-10-02 16:00:00+00:00,4.300764560699463,-1.0,3.902302013397217,4.349743400165013,4722.445110436839,3.0,0.9622828960418701,0.9622828960418701,False,8.14,2025-10-07 20:00:00+00:00,2025-10-07 20:00:00+00:00,4.059440612792969,time,260.2627875703752,4
UNI,2025-10-02 16:00:00+00:00,8.357145309448242,-1.0,7.488379459381104,8.46393362215587,4722.445110436839,3.0,0.9334915280342102,0.9334915280342102,False,8.14,2025-10-07 20:00:00+00:00,2025-10-07 20:00:00+00:00,7.770252704620361,time,326.91808636237914,4
AVAX,2025-10-07 20:00:00+00:00,27.937044143676758,-1.0,25.07635729217529,28.288678501810345,5178.448952368385,3.0,0.9443572163581848,0.9443572163581848,False,8.14,2025-10-13 00:00:00+00:00,2025-10-08 08:00:00+00:00,28.288678501810345,sl,-71.91141221788271,4
FIL,2025-10-03 16:00:00+00:00,2.415888547897339,-1.0,2.1975395612716673,2.4427279084239686,1576.2434868984303,1.0,0.8465152382850647,0.8465152382850647,False,8.14,2025-10-08 20:00:00+00:00,2025-10-08 20:00:00+00:00,2.365900993347168,time,31.03807448495658,4
APT,2025-10-09 08:00:00+00:00,4.9591193199157715,-1.0,4.25869169807434,5.045215572323118,3431.8626327124603,2.0,0.8851029872894287,0.8851029872894287,False,8.14,2025-10-14 12:00:00+00:00,2025-10-10 00:00:00+00:00,5.045215572323118,sl,-64.04266809000298,4
ADA,2025-10-10 12:00:00+00:00,0.7841418981552124,-1.0,0.6958350822925568,0.7586848795413971,1699.9206493337294,1.0,0.8201817274093628,0.8201817274093628,True,8.14,2025-10-15 16:00:00+00:00,2025-10-10 20:00:00+00:00,0.6958350822925568,tp,189.73810876218246,4
ICP,2025-10-10 16:00:00+00:00,4.144575119018555,-1.0,3.7290106671197076,4.015782356262207,3824.821461000891,3.0,0.946091890335083,0.946091890335083,True,3.75,2025-10-15 20:00:00+00:00,2025-10-10 20:00:00+00:00,3.7290106671197076,tp,379.67886429875205,4
ICP,2025-10-10 20:00:00+00:00,3.03458833694458,-1.0,1.9447916405541557,3.32520078931536,6908.530847246112,5.0,0.9749590158462524,0.9749590158462524,False,3.75,2025-10-16 00:00:00+00:00,2025-10-11 08:00:00+00:00,3.32520078931536,sl,-670.5881579710807,4
UNI,2025-10-10 20:00:00+00:00,5.856091499328613,-1.0,2.6797461338043216,6.246526461907796,9211.374462994816,5.0,0.9752217531204224,0.9752217531204224,False,8.14,2025-10-16 00:00:00+00:00,2025-10-12 12:00:00+00:00,6.246526461907796,sl,-626.1118173067174,4
ICP,2025-10-17 04:00:00+00:00,2.9474737644195557,-1.0,2.506389549800328,3.0650962216513498,3415.724772253906,3.0,0.9531012177467346,0.9531012177467346,False,3.75,2025-10-22 08:00:00+00:00,2025-10-18 08:00:00+00:00,3.0650962216513498,sl,-140.74901457866477,4
OP,2025-10-16 12:00:00+00:00,0.4364599287509918,-1.0,0.35964058685302736,0.44590252816251347,3036.1997975590275,2.0,0.9072641730308533,0.9072641730308533,False,8.14,2025-10-21 16:00:00+00:00,2025-10-20 00:00:00+00:00,0.44590252816251347,sl,-69.63377352917018,4
APT,2025-10-16 16:00:00+00:00,3.325549840927124,-1.0,2.7846522035598755,3.3920367384467807,4554.299696338541,3.0,0.9275170564651489,0.9275170564651489,False,8.14,2025-10-21 20:00:00+00:00,2025-10-21 20:00:00+00:00,3.2254271507263184,time,132.5624958381415,4
AVAX,2025-10-22 16:00:00+00:00,19.12324333190918,-1.0,16.52034095001221,19.443190937450954,1498.6448257120903,1.0,0.8170260787010193,0.8170260787010193,False,8.14,2025-10-27 20:00:00+00:00,2025-10-23 04:00:00+00:00,19.443190937450954,sl,-27.021800075783574,4
APT,2025-10-26 08:00:00+00:00,3.431123971939087,-1.0,3.135682052612305,3.4674395615373337,7459.446878465723,5.0,0.9893514513969421,0.9893514513969421,False,8.14,2025-10-31 12:00:00+00:00,2025-10-26 12:00:00+00:00,3.4368796348571777,mss_invalidation,-22.210399715615203,4
TRX,2025-10-24 16:00:00+00:00,0.3052249848842621,-1.0,0.2876077606678009,0.3073904862659318,7459.446878465723,5.0,0.984173059463501,0.984173059463501,False,8.14,2025-10-29 20:00:00+00:00,2025-10-29 20:00:00+00:00,0.29613232612609863,time,214.757633470495,4
APT,2025-10-26 12:00:00+00:00,3.573961019515991,-1.0,3.254687207221985,3.557684624195099,2972.6735515284813,2.0,0.9038457870483398,0.9038457870483398,True,8.14,2025-10-31 16:00:00+00:00,2025-10-30 12:00:00+00:00,3.254687207221985,tp,262.5861314604506,4
ATOM,2025-10-30 12:00:00+00:00,2.929738759994507,-1.0,2.5531800775527955,2.976025186112949,8028.363584984886,5.0,0.9813926815986633,0.9813926815986633,False,8.14,2025-11-04 16:00:00+00:00,2025-10-31 00:00:00+00:00,2.976025186112949,sl,-137.2755734356617,4
SUI,2025-10-30 12:00:00+00:00,2.291508913040161,-1.0,1.893028881072998,2.340489901712963,4817.018150990932,3.0,0.9645557403564453,0.9645557403564453,False,8.14,2025-11-04 16:00:00+00:00,2025-10-31 08:00:00+00:00,2.340489901712963,sl,-109.22585642215815,4
ICP,2025-10-30 12:00:00+00:00,2.8629000186920166,-1.0,2.536819040775299,2.9498549461364747,2408.509075495466,2.0,0.9027636647224426,0.9027636647224426,False,3.75,2025-11-04 16:00:00+00:00,2025-10-31 08:00:00+00:00,2.9498549461364747,sl,-76.2847627802381,4
ICP,2025-11-01 08:00:00+00:00,3.4564614295959473,-1.0,3.000258369105203,3.578115579060146,3431.1963798842908,3.0,0.9650824069976807,0.9650824069976807,False,3.75,2025-11-06 12:00:00+00:00,2025-11-02 08:00:00+00:00,3.578115579060146,sl,-125.22547217251312,4
ADA,2025-11-03 00:00:00+00:00,0.575501561164856,-1.0,0.5205424215793609,0.5703932493925095,7468.349003971672,5.0,0.984199047088623,0.984199047088623,True,8.14,2025-11-08 04:00:00+00:00,2025-11-04 16:00:00+00:00,0.5205424215793609,tp,705.7426361264315,4
UNI,2025-11-03 00:00:00+00:00,5.462482452392578,-1.0,4.865551277160645,5.407253980636597,7468.349003971672,5.0,0.983741044998169,0.983741044998169,True,8.14,2025-11-08 04:00:00+00:00,2025-11-04 20:00:00+00:00,4.865551277160645,tp,808.6606522032355,4
FIL,2025-11-04 16:00:00+00:00,1.3488460779190063,-1.0,0.951511242389679,1.3976862995539392,5010.316379477827,3.0,0.9529584050178528,0.9529584050178528,False,8.14,2025-11-09 20:00:00+00:00,2025-11-05 00:00:00+00:00,1.3976862995539392,sl,-187.93141475622264,4
SUI,2025-11-04 16:00:00+00:00,1.9277958869934082,-1.0,1.4628143072128297,1.9849512164081846,3340.2109196518845,2.0,0.9053128361701965,0.9053128361701965,False,8.14,2025-11-09 20:00:00+00:00,2025-11-05 00:00:00+00:00,1.9849512164081846,sl,-103.37291157556668,4
FIL,2025-11-06 16:00:00+00:00,1.7964845895767212,-1.0,1.2914686279296874,1.858560927442142,5398.333623881411,3.0,0.9609549045562744,0.9609549045562744,False,8.14,2025-11-11 20:00:00+00:00,2025-11-06 20:00:00+00:00,1.7928532361984253,mss_invalidation,3.894175863647441,4
FIL,2025-11-06 20:00:00+00:00,1.907669186592102,-1.0,1.3514851880073548,1.976035076848098,5401.254255779147,3.0,0.9549357295036316,0.9549357295036316,False,8.14,2025-11-12 00:00:00+00:00,2025-11-07 00:00:00+00:00,1.9026516675949097,mss_invalidation,7.184656399998532,4
NEAR,2025-11-07 04:00:00+00:00,2.244091749191284,-1.0,1.857536307811737,2.291606972481523,9011.071246798576,5.0,0.9690602421760559,0.9690602421760559,False,8.14,2025-11-12 08:00:00+00:00,2025-11-07 12:00:00+00:00,2.2814009189605713,mss_invalidation,-161.52804755322066,4
DOT,2025-11-07 16:00:00+00:00,3.2608675956726074,-1.0,2.6638322982788085,3.334254909447261,5285.49671241423,3.0,0.9373952746391296,0.9373952746391296,False,8.14,2025-11-12 20:00:00+00:00,2025-11-08 00:00:00+00:00,3.242640495300293,mss_invalidation,22.672917707335763,4
UNI,2025-11-08 00:00:00+00:00,6.0423078536987305,-1.0,5.0804746685028075,6.160535961934499,8837.50233449122,5.0,0.9733887910842896,0.9733887910842896,False,8.14,2025-11-13 04:00:00+00:00,2025-11-09 08:00:00+00:00,5.930622100830078,mss_invalidation,151.86325179588675,4
ICP,2025-11-07 04:00:00+00:00,8.682677268981934,-1.0,5.850111126899719,8.5319828748703,4054.9820610593597,3.0,0.9493096470832825,0.9493096470832825,True,3.75,2025-11-12 08:00:00+00:00,2025-11-12 00:00:00+00:00,5.850111126899719,tp,1318.8094452441214,4
LINK,2025-11-10 08:00:00+00:00,16.523029327392578,-1.0,14.566269397735596,16.42290949821472,9027.331399236078,5.0,0.9905305504798889,0.9905305504798889,True,8.14,2025-11-15 12:00:00+00:00,2025-11-13 16:00:00+00:00,14.566269397735596,tp,1060.045415719526,4
UNI,2025-11-10 20:00:00+00:00,9.256404876708984,-1.0,6.888298755645752,9.166827630996703,3610.9325596944313,2.0,0.899374783039093,0.899374783039093,True,8.14,2025-11-16 00:00:00+00:00,2025-11-16 00:00:00+00:00,7.406123161315918,time,718.1857670997454,4
ICP,2025-11-16 12:00:00+00:00,5.092780590057373,-1.0,4.030673333576747,5.37600919178554,1934.7948276472976,1.0,0.8210096955299377,0.8210096955299377,False,3.75,2025-11-21 16:00:00+00:00,2025-11-17 16:00:00+00:00,5.37600919178554,sl,-110.11641969564954,4
NEAR,2025-11-17 16:00:00+00:00,2.198,-1.0,1.7226299265975948,2.2564322784400668,5104.394663878303,2.0,0.916352391242981,0.916352391242981,False,8.14,2025-11-22 20:00:00+00:00,2025-11-17 20:00:00+00:00,2.2564322784400668,sl,-142.3324420292512,4
AVAX,2025-11-13 16:00:00+00:00,15.97867488861084,-1.0,13.449797077178955,15.88767488861084,7200.539985264382,3.0,0.9417665004730225,0.9417665004730225,True,8.14,2025-11-18 20:00:00+00:00,2025-11-18 20:00:00+00:00,14.58,time,623.0904279476298,4
TRX,2025-11-19 12:00:00+00:00,0.2839,-1.0,0.2648655999999999,0.2862397,8017.160485256237,3.0,0.9384117126464844,0.9384117126464844,False,8.14,2025-11-24 16:00:00+00:00,2025-11-19 20:00:00+00:00,0.2862397,sl,-76.49399016430975,4
SUI,2025-11-13 16:00:00+00:00,1.844378113746643,-1.0,1.5499785947799682,1.8206492960453033,12000.899975440636,5.0,0.9835402369499207,0.9835402369499207,True,8.14,2025-11-18 20:00:00+00:00,2025-11-21 08:00:00+00:00,1.3313297033309937,time,3326.274809363626,4
SUI,2025-11-21 08:00:00+00:00,1.3313297033309937,-1.0,0.9805885529518128,1.3744426498668534,10454.496099655724,3.0,0.9580444097518921,0.9580444097518921,False,8.14,2025-11-26 12:00:00+00:00,2025-11-21 16:00:00+00:00,1.3744426498668534,sl,-352.14269296246067,4
ATOM,2025-11-20 04:00:00+00:00,3.034,-1.0,2.476564,2.9996321899414062,13266.31665438834,5.0,0.99357670545578,0.99357670545578,True,8.14,2025-11-25 08:00:00+00:00,2025-11-21 20:00:00+00:00,2.476564,tp,2424.1504567653924,4
ICP,2025-11-22 20:00:00+00:00,4.031264781951904,-1.0,3.2211037090165275,4.2473077347346715,6004.250961253961,2.0,0.8603331446647644,0.8603331446647644,False,3.75,2025-11-28 00:00:00+00:00,2025-11-24 16:00:00+00:00,4.2473077347346715,sl,-329.58446588306015,4
DOT,2025-11-25 12:00:00+00:00,2.223175525665283,-1.0,1.9134650392532349,2.2612450011968614,19602.189288492707,5.0,0.9849468469619751,0.9849468469619751,False,8.14,2025-11-30 16:00:00+00:00,2025-11-25 20:00:00+00:00,2.2612450011968614,sl,-361.1491292221281,4
APT,2025-11-21 20:00:00+00:00,2.392193555831909,-1.0,1.8380162172317505,2.4603127883332117,12008.501922507921,3.0,0.9226071238517761,0.9226071238517761,False,8.14,2025-11-27 00:00:00+00:00,2025-11-26 04:00:00+00:00,2.281583547592163,time,543.2394182792051,4
ADA,2025-12-18 16:00:00+00:00,0.3479985296726227,-1.0,0.2964881542921066,0.35433016215264795,3750.0,3.0,0.9331254959106445,0.9331254959106445,False,8.14,2025-12-23 20:00:00+00:00,2025-12-19 00:00:00+00:00,0.35433016215264795,sl,-73.10408654939269,5
OP,2025-12-18 16:00:00+00:00,0.2561650276184082,-1.0,0.20764030611515044,0.2621296648489577,2500.0,2.0,0.8699019551277161,0.8699019551277161,False,8.14,2025-12-23 20:00:00+00:00,2025-12-19 00:00:00+00:00,0.2621296648489577,sl,-61.460885439782174,5
POL,2025-12-18 16:00:00+00:00,0.1023,-1.0,0.084172,0.10452828571428571,2500.0,2.0,0.8669129610061646,0.8669129610061646,False,8.14,2025-12-23 20:00:00+00:00,2025-12-19 00:00:00+00:00,0.10452828571428571,sl,-57.704685099846294,5
ATOM,2025-12-18 16:00:00+00:00,1.835833191871643,-1.0,1.5544089150428773,1.8704257390754564,1250.0,1.0,0.8435215950012207,0.8435215950012207,False,8.14,2025-12-23 20:00:00+00:00,2025-12-19 00:00:00+00:00,1.8704257390754564,sl,-25.178710759898898,5
UNI,2025-12-20 04:00:00+00:00,5.75352668762207,-1.0,4.705965797424316,5.882292407308306,1195.63790803777,1.0,0.8185890316963196,0.8185890316963196,False,8.14,2025-12-25 08:00:00+00:00,2025-12-20 12:00:00+00:00,5.739867687225342,mss_invalidation,1.2841417212351263,5
TRX,2025-12-21 08:00:00+00:00,0.28561463952064514,-1.0,0.2785949149131775,0.2864775009538446,2391.9178869361576,2.0,0.8927010297775269,0.8927010297775269,False,8.14,2025-12-26 12:00:00+00:00,2025-12-21 12:00:00+00:00,0.2864775009538446,sl,-10.335641392625911,5
TRX,2025-12-21 16:00:00+00:00,0.2882147431373596,-1.0,0.2809769513607025,0.28785589784383775,2386.7500662398447,2.0,0.8882524371147156,0.8882524371147156,True,8.14,2025-12-26 20:00:00+00:00,2025-12-24 16:00:00+00:00,0.2809769513607025,tp,57.55050301915708,5
SUI,2025-12-25 20:00:00+00:00,1.3615241050720215,-1.0,1.2306410250663757,1.3776121951767377,6038.813294373558,5.0,0.9718384146690369,0.9718384146690369,False,8.14,2025-12-31 00:00:00+00:00,2025-12-26 00:00:00+00:00,1.3776121951767377,sl,-79.20650014929424,5
OP,2025-12-25 20:00:00+00:00,0.25187844038009644,-1.0,0.22135775446891784,0.255630029546363,3623.287976624135,3.0,0.9248361587524414,0.9248361587524414,False,8.14,2025-12-31 00:00:00+00:00,2025-12-26 00:00:00+00:00,0.255630029546363,sl,-58.67713194922146,5
ATOM,2025-12-27 20:00:00+00:00,2.081770420074463,-1.0,1.9118275809288026,2.102659718436854,2346.5835017001655,2.0,0.9133623838424683,0.9133623838424683,False,8.14,2026-01-02 00:00:00+00:00,2025-12-28 04:00:00+00:00,2.0797486305236816,mss_invalidation,-0.7715858287898435,5
APT,2025-12-27 08:00:00+00:00,1.7308074235916138,-1.0,1.5018286938667298,1.758953387422221,2346.5835017001655,2.0,0.8860036134719849,0.8860036134719849,False,8.14,2026-01-01 12:00:00+00:00,2025-12-29 00:00:00+00:00,1.7225362062454224,mss_invalidation,8.163341907768736,5
ATOM,2025-12-28 04:00:00+00:00,2.103226661682129,-1.0,1.9438129796981811,2.095645695924759,2346.1977087857704,2.0,0.907245397567749,0.907245397567749,True,8.14,2026-01-02 08:00:00+00:00,2025-12-31 16:00:00+00:00,1.9438129796981811,tp,175.48343056376063,5
POL,2025-12-31 16:00:00+00:00,0.1005,-1.0,0.09180680000000001,0.10156856428571429,2438.021095021535,2.0,0.8960472345352173,0.8960472345352173,False,8.14,2026-01-05 20:00:00+00:00,2026-01-01 12:00:00+00:00,0.10156856428571429,sl,-29.091639064901454,5
APT,2025-12-29 00:00:00+00:00,1.7676844596862793,-1.0,1.5997703819274902,1.7883243835994176,2350.279379739655,2.0,0.9007403254508972,0.9007403254508972,False,8.14,2026-01-03 04:00:00+00:00,2026-01-01 16:00:00+00:00,1.767512321472168,mss_invalidation,-2.82649152322617,5
OP,2025-12-29 00:00:00+00:00,0.28203535079956055,-1.0,0.25951868772506714,0.28127738684415815,1175.1396898698274,1.0,0.841815173625946,0.841815173625946,True,8.14,2026-01-03 04:00:00+00:00,2026-01-01 16:00:00+00:00,0.2816355228424072,mss_invalidation,0.13825744321658126,5
NEAR,2025-12-28 04:00:00+00:00,1.6031349897384644,-1.0,1.4269084272384644,1.6247966805866787,3519.2965631786556,3.0,0.9536648988723755,0.9536648988723755,False,8.14,2026-01-02 08:00:00+00:00,2026-01-01 20:00:00+00:00,1.6102932691574097,mss_invalidation,-20.2893630687211,5
DOT,2026-01-01 16:00:00+00:00,1.99741530418396,1.0,2.1010407891712917,2.015005224943161,6055.327896122699,5.0,0.9767723679542542,0.9767723679542542,True,3.23,2026-01-06 20:00:00+00:00,2026-01-02 16:00:00+00:00,2.1010407891712917,tp,308.09380707778394,5
NEAR,2026-01-01 20:00:00+00:00,1.6261178255081177,1.0,1.7020589300267948,1.637674218416214,1205.9932384573594,1.0,0.7786563634872437,0.7786563634872437,True,3.23,2026-01-07 00:00:00+00:00,2026-01-03 00:00:00+00:00,1.7020589300267948,tp,55.11493082612605,5
LINK,2026-01-02 16:00:00+00:00,13.280607223510742,1.0,13.761055149178654,13.131766814069326,3849.050070680416,3.0,0.9401282072067261,0.9401282072067261,False,3.23,2026-01-07 20:00:00+00:00,2026-01-03 04:00:00+00:00,13.131766814069326,sl,-48.141415263962905,5
DOT,2026-01-02 16:00:00+00:00,2.113291025161743,1.0,2.239584357671206,2.1357458531856537,2566.033380453611,2.0,0.8853979110717773,0.8853979110717773,True,3.23,2026-01-07 20:00:00+00:00,2026-01-03 04:00:00+00:00,2.1357458531856537,sl,23.929610144772962,5
TRX,2026-01-03 12:00:00+00:00,0.29129424691200256,-1.0,0.28404506063461304,0.2921853136718273,3872.227414960618,3.0,0.9603495001792908,0.9603495001792908,False,8.14,2026-01-08 16:00:00+00:00,2026-01-03 16:00:00+00:00,0.29128462076187134,mss_invalidation,-4.90593347461443,5
TRX,2026-01-03 16:00:00+00:00,0.2934485971927643,-1.0,0.28571464121341705,0.2943992516291993,3868.547964854657,3.0,0.9635262489318848,0.9635262489318848,False,8.14,2026-01-08 20:00:00+00:00,2026-01-03 20:00:00+00:00,0.2934432625770569,mss_invalidation,-4.958785840790263,5
OP,2026-01-02 00:00:00+00:00,0.2988646924495697,1.0,0.31422602120210624,0.30078392922878266,2411.986476914719,2.0,0.8621666431427002,0.8621666431427002,True,3.23,2026-01-07 04:00:00+00:00,2026-01-04 00:00:00+00:00,0.31422602120210624,tp,121.5615646136391,5
POL,2026-01-03 00:00:00+00:00,0.1164,-1.0,0.10185640000000001,0.11818769285714285,3890.3862688000104,3.0,0.9457615613937378,0.9457615613937378,False,8.14,2026-01-08 04:00:00+00:00,2026-01-04 00:00:00+00:00,0.1156,mss_invalidation,21.680547807948674,5
POL,2026-01-04 00:00:00+00:00,0.1181,-1.0,0.1021144,0.12006494285714285,6620.434099650425,5.0,0.9792976379394531,0.9792976379394531,False,8.14,2026-01-09 04:00:00+00:00,2026-01-04 08:00:00+00:00,0.1187,mss_invalidation,-42.24128456485696,5
POL,2026-01-04 08:00:00+00:00,0.1199,-1.0,0.1040792,0.12184468571428572,6567.632493944355,5.0,0.9921056032180786,0.9921056032180786,False,8.14,2026-01-09 12:00:00+00:00,2026-01-04 12:00:00+00:00,0.1199,mss_invalidation,-8.53792224212766,5
SUI,2026-01-04 00:00:00+00:00,1.7031431198120117,-1.0,1.4786443934440614,1.7307384036183358,2648.17363986017,2.0,0.9113766551017761,0.9113766551017761,False,8.14,2026-01-09 04:00:00+00:00,2026-01-05 16:00:00+00:00,1.70816969871521,mss_invalidation,-11.258324597804359,5
POL,2026-01-04 12:00:00+00:00,0.1213,-1.0,0.105026,0.12330039285714287,6556.960091141695,5.0,0.9738829731941223,0.9738829731941223,False,8.14,2026-01-09 16:00:00+00:00,2026-01-05 16:00:00+00:00,0.12330039285714287,sl,-116.65674499309792,5
ADA,2026-01-05 16:00:00+00:00,0.4169185161590576,-1.0,0.37287406814098356,0.42233244016127924,3838.23975249184,3.0,0.9390708208084106,0.9390708208084106,False,8.14,2026-01-10 20:00:00+00:00,2026-01-05 20:00:00+00:00,0.41693201661109924,mss_invalidation,-5.113999685834166,5
SUI,2026-01-05 20:00:00+00:00,1.9010570049285889,-1.0,1.6378693318367006,1.933407916894981,3834.404252727465,3.0,0.940527617931366,0.940527617931366,False,8.14,2026-01-11 00:00:00+00:00,2026-01-06 00:00:00+00:00,1.933407916894981,sl,-70.23604313866925,5
ATOM,2026-01-06 12:00:00+00:00,2.473341464996338,-1.0,2.1765826950073244,2.5098189212935313,3781.727220373463,3.0,0.9652992486953735,0.9652992486953735,False,8.14,2026-01-11 16:00:00+00:00,2026-01-06 20:00:00+00:00,2.5098189212935313,sl,-60.69010086150546,5
TRX,2026-01-03 20:00:00+00:00,0.2953515946865082,-1.0,0.2870493257045746,0.29637210590498786,3864.8288754740643,3.0,0.9585338234901428,0.9585338234901428,False,8.14,2026-01-09 00:00:00+00:00,2026-01-07 16:00:00+00:00,0.29637210590498786,sl,-18.378196378851968,5
POL,2026-01-09 00:00:00+00:00,0.1413,-1.0,0.114726,0.1445664642857143,2481.6173316287964,2.0,0.8973355889320374,0.8973355889320374,False,8.14,2026-01-14 04:00:00+00:00,2026-01-09 04:00:00+00:00,0.1413,mss_invalidation,-3.226102531117435,5
POL,2026-01-09 04:00:00+00:00,0.1486,-1.0,0.11947159999999998,0.15218045000000002,1240.0021401816189,1.0,0.8100348711013794,0.8100348711013794,False,8.14,2026-01-14 08:00:00+00:00,2026-01-09 12:00:00+00:00,0.1442,mss_invalidation,35.10407673861949,5
POL,2026-01-09 12:00:00+00:00,0.1583,-1.0,0.12138479999999997,0.1628376,3746.334478098821,3.0,0.926733672618866,0.926733672618866,False,8.14,2026-01-14 16:00:00+00:00,2026-01-10 04:00:00+00:00,0.1605,mss_invalidation,-56.935527631493315,5
POL,2026-01-10 04:00:00+00:00,0.1687,-1.0,0.12173199999999995,0.17447328571428572,6172.721387292002,5.0,0.9731407165527344,0.9731407165527344,False,8.14,2026-01-15 08:00:00+00:00,2026-01-10 12:00:00+00:00,0.17447328571428572,sl,-219.26866467673935,5
UNI,2026-01-08 08:00:00+00:00,5.476836681365967,-1.0,4.589383850097656,5.585921989509037,3722.4259974431943,3.0,0.9579953551292419,0.9579953551292419,False,8.14,2026-01-13 12:00:00+00:00,2026-01-13 12:00:00+00:00,5.550752639770508,time,-53.96067504495167,5
TRX,2026-01-13 16:00:00+00:00,0.30443793535232544,-1.0,0.29302717781066895,0.305840540604932,1166.2369425279774,1.0,0.8160569667816162,0.8160569667816162,False,8.14,2026-01-18 20:00:00+00:00,2026-01-13 20:00:00+00:00,0.30448803305625916,mss_invalidation,-1.7080216677032147,5
ICP,2026-01-14 08:00:00+00:00,3.848201036453247,-1.0,3.2201422538076128,4.015683378492083,1748.7149056665774,2.0,0.8505204319953918,0.8505204319953918,False,3.75,2026-01-19 12:00:00+00:00,2026-01-14 12:00:00+00:00,3.8765382766723633,mss_invalidation,-15.150451411067504,5
ICP,2026-01-14 12:00:00+00:00,4.146175861358643,-1.0,3.429639969553266,4.337252099173409,1743.033486387427,2.0,0.8768147826194763,0.8768147826194763,False,3.75,2026-01-19 16:00:00+00:00,2026-01-14 16:00:00+00:00,4.146703720092773,mss_invalidation,-2.4878529448413738,5
ICP,2026-01-14 16:00:00+00:00,4.412138938903809,-1.0,3.6010731884411404,4.628423139027187,871.0502707665557,1.0,0.8232867121696472,0.8232867121696472,False,3.75,2026-01-19 20:00:00+00:00,2026-01-14 20:00:00+00:00,4.409305572509766,mss_invalidation,-0.5729984329381755,5
AVAX,2026-01-13 12:00:00+00:00,14.321666717529297,1.0,15.117637180188055,14.075078974641857,3498.710827583932,3.0,0.9395799040794373,0.9395799040794373,False,3.23,2026-01-18 16:00:00+00:00,2026-01-15 12:00:00+00:00,14.075078974641857,sl,-64.788463928702,5
POL,2026-01-10 16:00:00+00:00,0.1809,-1.0,0.1269692,0.18752915,5898.635556446077,5.0,0.9756185412406921,0.9756185412406921,False,8.14,2026-01-15 20:00:00+00:00,2026-01-15 20:00:00+00:00,0.1493,time,1024.4876750223054,5
POL,2026-01-16 12:00:00+00:00,0.1391,-1.0,0.1104248,0.14262474285714286,7005.909570936203,5.0,0.9742621183395386,0.9742621183395386,False,8.14,2026-01-21 16:00:00+00:00,2026-01-16 20:00:00+00:00,0.14262474285714286,sl,-186.63485510897578,5
ATOM,2026-01-15 12:00:00+00:00,2.4641759395599365,-1.0,2.1574341135025024,2.5018805086783003,2290.1199908633284,2.0,0.9141608476638794,0.9141608476638794,False,8.14,2026-01-20 16:00:00+00:00,2026-01-17 00:00:00+00:00,2.5018805086783003,sl,-38.01847998557734,5
ICP,2026-01-14 20:00:00+00:00,4.5490851402282715,-1.0,3.645668021270207,4.5137218832969666,1741.8856671207595,2.0,0.9104188084602356,0.9104188084602356,True,3.75,2026-01-20 00:00:00+00:00,2026-01-20 00:00:00+00:00,3.804744243621826,time,283.2729468285229,5
TRX,2026-01-17 20:00:00+00:00,0.3184453547000885,-1.0,0.3034667063951492,0.31755209565162656,2690.037160827205,2.0,0.8817484974861145,0.8817484974861145,True,8.14,2026-01-23 00:00:00+00:00,2026-01-20 08:00:00+00:00,0.3034667063951492,tp,123.84068456125947,5
TRX,2026-01-20 12:00:00+00:00,0.2976669669151306,-1.0,0.27565734684467313,0.30037237964570523,7233.98494130524,5.0,0.9900878071784973,0.9900878071784973,False,8.14,2026-01-25 16:00:00+00:00,2026-01-22 16:00:00+00:00,0.30037237964570523,sl,-75.15186870706704,5
AVAX,2026-01-18 20:00:00+00:00,12.9942626953125,-1.0,11.89837419128418,12.910864686965942,6725.092902068012,5.0,0.9890867471694946,0.9890867471694946,True,8.14,2026-01-24 00:00:00+00:00,2026-01-24 00:00:00+00:00,12.135880470275879,time,437.52483063823024,5
FIL,2026-01-25 12:00:00+00:00,1.2810686826705933,-1.0,1.1786801056861878,1.2746338605880738,7686.951143719193,5.0,0.9762235283851624,0.9762235283851624,True,8.14,2026-01-30 16:00:00+00:00,2026-01-29 16:00:00+00:00,1.1786801056861878,tp,606.6875937973937,5
POL,2026-01-25 12:00:00+00:00,0.1214,-1.0,0.10887520000000002,0.12076999999999999,7686.951143719193,5.0,0.9888932108879089,0.9888932108879089,True,8.14,2026-01-30 16:00:00+00:00,2026-01-30 00:00:00+00:00,0.10887520000000002,tp,785.3733922241058,5
UNI,2026-01-29 16:00:00+00:00,4.3419880867004395,-1.0,3.808004259109497,4.294463407993317,8445.310635965936,5.0,0.9947482943534851,0.9947482943534851,True,8.14,2026-02-03 20:00:00+00:00,2026-01-31 16:00:00+00:00,3.808004259109497,tp,1030.1709196574168,5
POL,2026-01-31 16:00:00+00:00,0.0996,-1.0,0.0754156,0.10257273571428571,10714.741025817839,5.0,0.9987695813179016,0.9987695813179016,False,8.14,2026-02-05 20:00:00+00:00,2026-01-31 20:00:00+00:00,0.10257273571428571,sl,-333.72929703608406,5
NEAR,2026-01-30 00:00:00+00:00,1.3269575834274292,-1.0,1.14191938829422,1.3130931496620177,5656.21642574764,3.0,0.9560487866401672,0.9560487866401672,True,8.14,2026-02-04 04:00:00+00:00,2026-02-02 00:00:00+00:00,1.14191938829422,tp,783.0774189025392,5
OP,2026-02-03 16:00:00+00:00,0.21411661803722382,-1.0,0.17112470632791518,0.21940116474351712,11276.426178150909,5.0,0.9801639914512634,0.9801639914512634,False,8.14,2026-02-08 20:00:00+00:00,2026-02-04 00:00:00+00:00,0.21940116474351712,sl,-292.96937669479365,5
SUI,2026-02-05 04:00:00+00:00,1.0424845218658447,-1.0,0.8372347416877747,1.0251425594091415,6546.128674369451,3.0,0.9508283734321594,0.9508283734321594,True,8.14,2026-02-10 08:00:00+00:00,2026-02-06 00:00:00+00:00,0.8372347416877747,tp,1282.2897660081946,5
NEAR,2026-02-05 04:00:00+00:00,1.1166856288909912,-1.0,0.9167807536125183,1.098992183804512,2182.0428914564836,1.0,0.8479350805282593,0.8479350805282593,True,8.14,2026-02-10 08:00:00+00:00,2026-02-06 00:00:00+00:00,0.9167807536125183,tp,388.4390959353134,5
OP,2026-02-06 00:00:00+00:00,0.17441891133785248,-1.0,0.11887808126211166,0.18124596552018607,12998.625534711802,5.0,0.9957206845283508,0.9957206845283508,False,8.14,2026-02-11 04:00:00+00:00,2026-02-06 08:00:00+00:00,0.18124596552018607,sl,-525.6866246159891,5
DOT,2026-02-05 08:00:00+00:00,1.3881449699401855,-1.0,1.1310496711730957,1.3668706715106964,10910.214457282418,5.0,0.9914337396621704,0.9914337396621704,True,8.14,2026-02-10 12:00:00+00:00,2026-02-07 00:00:00+00:00,1.3668706715106964,sl,153.02343471179896,5
APT,2026-02-11 12:00:00+00:00,0.9310013651847839,-1.0,0.7645393741130829,0.9514627992468221,12532.796547331563,5.0,0.9786116480827332,0.9786116480827332,False,8.14,2026-02-16 16:00:00+00:00,2026-02-12 00:00:00+00:00,0.9514627992468221,sl,-291.73690418375423,5
APT,2026-02-12 16:00:00+00:00,0.9112140536308289,-1.0,0.7647029247283936,0.9292231365697724,12168.125417101872,5.0,0.9686947464942932,0.9686947464942932,False,8.14,2026-02-17 20:00:00+00:00,2026-02-13 12:00:00+00:00,0.9292231365697724,sl,-256.30736912997975,5
ATOM,2026-02-13 08:00:00+00:00,2.0254974365234375,-1.0,1.7941669211387634,2.053932480803558,7300.875250261122,3.0,0.9278792142868042,0.9278792142868042,False,8.14,2026-02-18 12:00:00+00:00,2026-02-13 12:00:00+00:00,2.025264263153076,mss_invalidation,-8.650667895338987,5
POL,2026-02-13 20:00:00+00:00,0.1005,-1.0,0.0842672,0.10249532857142858,4734.771148328089,2.0,0.9193622469902039,0.9193622469902039,False,8.14,2026-02-19 00:00:00+00:00,2026-02-14 08:00:00+00:00,0.1016,mss_invalidation,-57.978568295422036,5
ADA,2026-02-14 00:00:00+00:00,0.2770576477050781,-1.0,0.2491403350830078,0.2804892313820975,4734.771148328089,2.0,0.8931134939193726,0.8931134939193726,False,8.14,2026-02-19 04:00:00+00:00,2026-02-14 08:00:00+00:00,0.27570998668670654,mss_invalidation,16.875623619956023,5
ATOM,2026-02-13 12:00:00+00:00,2.055631399154663,1.0,2.17241366258713,2.0697530925273897,2367.3855741640446,1.0,0.8379331827163696,0.8379331827163696,True,3.23,2026-02-18 16:00:00+00:00,2026-02-14 16:00:00+00:00,2.17241366258713,tp,132.12591214542712,5
AVAX,2026-02-14 08:00:00+00:00,9.371191024780273,-1.0,8.549823154449463,9.472153198855263,11785.549189975889,5.0,0.9820609092712402,0.9820609092712402,False,8.14,2026-02-19 12:00:00+00:00,2026-02-14 16:00:00+00:00,9.37755012512207,mss_invalidation,-23.31864881774025,5
OP,2026-02-14 12:00:00+00:00,0.1955787092447281,-1.0,0.17457812869548797,0.19816009128519466,7071.329513985533,3.0,0.951285183429718,0.951285183429718,False,8.14,2026-02-19 16:00:00+00:00,2026-02-14 16:00:00+00:00,0.1958039402961731,mss_invalidation,-17.336165799073257,5
OP,2026-02-14 16:00:00+00:00,0.19974790513515472,-1.0,0.17796713280677795,0.1987834446132183,4759.955224754663,2.0,0.9106059074401855,0.9106059074401855,True,8.14,2026-02-19 20:00:00+00:00,2026-02-18 16:00:00+00:00,0.17796713280677795,tp,514.271776164364,5
DOT,2026-02-14 16:00:00+00:00,1.4273464679718018,-1.0,1.2826312007904053,1.4221295416355133,4759.955224754663,2.0,0.8866795301437378,0.8866795301437378,True,8.14,2026-02-19 20:00:00+00:00,2026-02-19 12:00:00+00:00,1.2826312007904053,tp,477.84059592290384,5
SUI,2026-02-14 16:00:00+00:00,1.0354323387145996,-1.0,0.8879273588657379,1.0310423403978348,7139.932837131993,3.0,0.9575884342193604,0.9575884342193604,True,8.14,2026-02-19 20:00:00+00:00,2026-02-19 20:00:00+00:00,0.9273520708084106,time,738.1389473139394,5
NEAR,2026-02-14 16:00:00+00:00,1.091681718826294,-1.0,0.9643107726573944,1.0876816391944886,4759.955224754663,2.0,0.8989051580429077,0.8989051580429077,True,8.14,2026-02-19 20:00:00+00:00,2026-02-19 20:00:00+00:00,1.005353569984436,time,371.6484026664011,5
NEAR,2026-02-21 08:00:00+00:00,1.0901916027069092,-1.0,0.9816655399799347,1.0836843639612197,8716.357628682701,3.0,0.9501175880432129,0.9501175880432129,True,8.14,2026-02-26 12:00:00+00:00,2026-02-23 00:00:00+00:00,0.9816655399799347,tp,858.9769656480648,5
DOT,2026-02-23 00:00:00+00:00,1.2586928606033325,-1.0,1.1316841564178466,1.2743047141517911,9360.590352918749,3.0,0.9676255583763123,0.9676255583763123,False,8.14,2026-02-28 04:00:00+00:00,2026-02-23 08:00:00+00:00,1.2743047141517911,sl,-128.27029650602697,5
OP,2026-02-19 12:00:00+00:00,0.13912039995193481,-1.0,0.10560140711069108,0.1432405396753124,13140.02852699574,5.0,0.9945141077041626,0.9945141077041626,False,8.14,2026-02-24 16:00:00+00:00,2026-02-24 16:00:00+00:00,0.11776130646467209,time,2004.2427408610095,5
UNI,2026-02-21 08:00:00+00:00,3.6444361209869385,-1.0,3.2735749835968018,3.6254521012306213,5810.905085788467,2.0,0.9036592245101929,0.9036592245101929,True,8.14,2026-02-26 12:00:00+00:00,2026-02-25 12:00:00+00:00,3.5586748123168945,mss_invalidation,129.18874003470668,5
ATOM,2026-02-24 04:00:00+00:00,2.058634042739868,-1.0,1.8083675861358643,2.0893966845103673,9264.387630539228,3.0,0.9298089742660522,0.9298089742660522,False,8.14,2026-03-01 08:00:00+00:00,2026-02-25 12:00:00+00:00,2.0893966845103673,sl,-150.48357811998122,5
ICP,2026-02-25 12:00:00+00:00,2.300708293914795,-1.0,2.049791548933302,2.3676194259098597,2687.899639405257,1.0,0.8045685887336731,0.8045685887336731,False,3.75,2026-03-02 16:00:00+00:00,2026-02-25 16:00:00+00:00,2.3045904636383057,mss_invalidation,-8.029778281959828,5
FIL,2026-02-25 12:00:00+00:00,1.0675430297851562,1.0,1.1402536970682693,1.045017621908471,3583.866185873676,1.0,0.80742347240448,0.80742347240448,False,3.23,2026-03-02 16:00:00+00:00,2026-02-26 00:00:00+00:00,1.045017621908471,sl,-80.2794416688272,5
ICP,2026-02-25 16:00:00+00:00,2.4439661502838135,1.0,2.7286683065550665,2.4734454870224,5372.788111954779,2.0,0.8591722249984741,0.8591722249984741,True,3.75,2026-03-02 20:00:00+00:00,2026-02-27 16:00:00+00:00,2.4734454870224,sl,57.822422785698116,5
SUI,2026-02-28 08:00:00+00:00,0.8337757587432861,-1.0,0.7028554255962371,0.8498684279876096,10728.733459747213,3.0,0.9505265951156616,0.9505265951156616,False,8.14,2026-03-05 12:00:00+00:00,2026-02-28 12:00:00+00:00,0.8498684279876096,sl,-221.02216608091592,5
NEAR,2026-03-02 12:00:00+00:00,1.3097925186157227,-1.0,1.0222926154136658,1.3451318791168076,7041.97789012435,2.0,0.8597083687782288,0.8597083687782288,False,8.14,2026-03-07 16:00:00+00:00,2026-03-02 16:00:00+00:00,1.3092544078826904,mss_invalidation,-6.261468853082876,5
NEAR,2026-03-02 16:00:00+00:00,1.3266217708587646,-1.0,1.0289604778289796,1.3632101648875645,3519.423577848904,1.0,0.840072751045227,0.840072751045227,False,8.14,2026-03-07 20:00:00+00:00,2026-03-02 20:00:00+00:00,1.326936960220337,mss_invalidation,-5.411423323001732,5
ATOM,2026-02-25 20:00:00+00:00,1.9380220174789429,-1.0,1.632364191532135,1.975593341784818,17909.29370651593,5.0,0.9704056978225708,0.9704056978225708,False,8.14,2026-03-03 00:00:00+00:00,2026-03-03 00:00:00+00:00,1.8501602411270142,time,794.0228433235031,5
NEAR,2026-03-02 20:00:00+00:00,1.365058183670044,-1.0,1.041720561981201,1.4048027006217412,10554.212166054462,3.0,0.9457952380180359,0.9457952380180359,False,8.14,2026-03-08 00:00:00+00:00,2026-03-03 00:00:00+00:00,1.3639949560165405,mss_invalidation,-5.499924948418742,5
TRX,2026-03-04 16:00:00+00:00,0.28782573342323303,1.0,0.29161983653506646,0.2866503388997929,11145.604354835774,3.0,0.9518547058105469,0.9518547058105469,False,3.23,2026-03-09 20:00:00+00:00,2026-03-05 00:00:00+00:00,0.2866503388997929,sl,-60.00461246440019,5
NEAR,2026-03-03 00:00:00+00:00,1.4146791696548462,-1.0,1.092527705669403,1.4542778846280915,7430.4029032238495,2.0,0.9162119030952454,0.9162119030952454,False,8.14,2026-03-08 04:00:00+00:00,2026-03-05 16:00:00+00:00,1.2577691078186035,time,816.7175763856131,5
LINK,2026-03-04 16:00:00+00:00,9.557109832763672,-1.0,8.227026226043701,9.72060311937332,3715.2014516119248,1.0,0.8464157581329346,0.8464157581329346,False,8.14,2026-03-09 20:00:00+00:00,2026-03-05 16:00:00+00:00,9.120573043823242,time,165.98276585578097,5
